-- phpMyAdmin SQL Dump
-- version 5.0.2
-- https://www.phpmyadmin.net/
--
-- Host: 127.0.0.1
-- Generation Time: Mar 11, 2021 at 07:11 AM
-- Server version: 8.0.22
-- PHP Version: 7.2.32

SET SQL_MODE = "NO_AUTO_VALUE_ON_ZERO";
START TRANSACTION;
SET time_zone = "+00:00";


/*!40101 SET @OLD_CHARACTER_SET_CLIENT=@@CHARACTER_SET_CLIENT */;
/*!40101 SET @OLD_CHARACTER_SET_RESULTS=@@CHARACTER_SET_RESULTS */;
/*!40101 SET @OLD_COLLATION_CONNECTION=@@COLLATION_CONNECTION */;
/*!40101 SET NAMES utf8mb4 */;

--
-- Database: `library`
--

-- --------------------------------------------------------

--
-- Table structure for table `book`
--

CREATE TABLE `book` (
  `bID` int NOT NULL,
  `cID` varchar(50) CHARACTER SET utf8mb4 COLLATE utf8mb4_general_ci NOT NULL,
  `bName` varchar(110) DEFAULT NULL,
  `bAuthor` varchar(86) DEFAULT NULL,
  `bPublish` varchar(42) DEFAULT NULL,
  `bYear` varchar(22) DEFAULT NULL,
  `bCopy` varchar(10) NOT NULL DEFAULT '1'
) ENGINE=InnoDB DEFAULT CHARSET=utf8;

--
-- Dumping data for table `book`
--

INSERT INTO `book` (`bID`, `cID`, `bName`, `bAuthor`, `bPublish`, `bYear`, `bCopy`) VALUES
(1, 'GC', 'Grid Computing', 'Joseph', '', '', '0'),
(2, 'CC', 'Cloud Computing for Dummies', 'Hurwitz', '', '', '1'),
(3, 'CC', 'Cloud security A comprehensive guide to secure cloud computing', 'Ronald L.krutz', '', '', '1'),
(4, 'MC', 'Mobile comm.. Design fundamental ', 'Lee William CY', '', '', '1'),
(5, 'MC', 'Mobile comm. Engineering Theory & Appl', 'Lee William CY', '', '', '1'),
(6, 'MC', 'Mobile cellular Telecommunication', 'Lee William CY', '', '', '1'),
(7, 'WN', 'Wireless broadband networks handbook ', 'vacca', '', '', '1'),
(8, 'DC', 'Wireless Digital Comm.', 'Feher', '', '', '1'),
(9, 'MC', 'Mobile & wireless design essential', 'Mallick Martyn', '', '', '1'),
(10, 'WN', 'Professional WAP', 'Alex homer', '', '', '1'),
(11, 'WN', 'WAP a Beginners guide', 'Bulbrook', '', '', '1'),
(12, 'DN', 'Principles of comm.. systems', ' Taub & shelling', '', '', '1'),
(13, 'DN', 'Communication system 4 ED', 'Carlson', '', '', '1'),
(14, 'DC', 'Digital Communications Systms ', 'Kolimbiris', '', '', '1'),
(15, 'EC', 'Electronic comm.. System', 'Kennedy ', '', '', '1'),
(16, 'EC', 'Communication Electronics ', 'Frenzel', '', '', '1'),
(17, 'MC', 'Introduction to Telecommunications Voice ', 'Cole', '', '', '1'),
(18, 'CS', 'Telecom and the computer', 'J Martin', '', '', '1'),
(19, 'OT', 'Optical Computing an Intro ', 'Karim', '', '', '1'),
(20, 'WN', 'GSM CDMA and 3G Systems', 'Steela Lee', '', '', '1'),
(21, 'WC', 'Wireless communications Principles and Practice', 'Rappaport', '', '', '0'),
(22, 'MC', 'Modern Communication Systems Principles & Applications', 'Leon W Couch II', '', '', '1'),
(23, 'DC', 'Digital Communication', 'Proakis', '', '', '1'),
(24, 'DC', 'Digital Communication', 'Haykin', '', '', '1'),
(25, 'WN', 'Implementing 802.11', 'Olexa', '', '', '1'),
(26, 'DC', 'Digital Communications', 'Sklar', '', '', '1'),
(27, 'WN', 'RFID', 'Garfinkel', '', '', '1'),
(28, 'WN', '3G Networks', 'Kasera', '', '', '1'),
(29, 'MC', 'The cdma 2000 system for mobile communications', 'Vanghi', '', '', '1'),
(30, 'PV', 'Pervasive Computing', 'Burkhardt', '', '', '1'),
(31, 'WC', 'Wireless communication & Networks', 'Stallings W ', '', '', '1'),
(32, 'MN', 'Mobile ad- hoc Networks', 'Aggelou', '', '', '1'),
(33, 'PV', 'Fundamendals of mobile & pervasive com', 'Adelstein', '', '', '1'),
(34, 'MC', 'Mobile Computing', 'Talukder', '', '', '1'),
(35, 'CA', 'Advanced Computer Architecture', 'Richard Y.Kain', '', '', '1'),
(36, 'CA', 'Computer Architecture & logic design', ' Bartee TC', '', '', '1'),
(37, 'CA', 'Computer Architecture & Organ. Ed 3 ', 'Hayes', '', '', '1'),
(38, 'CS', 'Computer As Components', 'W.Wolf', '', '', '1'),
(39, 'CO', 'Computer Organisation', 'Stallings', '', '', '0'),
(40, 'DB', 'Computer database organization ', 'Martin', '', '', '1'),
(41, 'DB', 'Database System concept Ed 3', ' Silberschatz A', '', '', '0'),
(42, 'OR', 'Oracle a Beginners Guide', 'Michel abbey', '', '', '1'),
(43, 'DB', 'An Introduction to Database Systems 6th ed', 'C.J Date', '', '', '0'),
(44, 'DB', 'Database system implementation', 'Garcia', '', '', '1'),
(45, 'DM', 'Data Warehousing & Data Mining', 'Berson & smith', '', '', '1'),
(46, 'OR', 'Oracle 8i DBA Bible', 'Jonnathan Gennick', '', '', '1'),
(47, 'OR', 'Oracle/8i', 'Page et al', '', '', '1'),
(48, 'DB', 'Database System Concepts 4th ed', 'Silberschatz', '', '', '1'),
(49, 'OR', 'Oracle Devloper 2000 forms', '', '', '', '1'),
(50, 'OR', 'Oracle Developer”s Guide', 'David McClanahan', '', '', '1'),
(51, 'DB', 'Fundamentals of database system', 'Elmasri Navathe', '', '', '0'),
(52, 'DB', 'DB Concepts', 'Kroenke', '', '', '1'),
(53, 'DM', 'Data Mining concepts & tech', ' Han', '', '', '0'),
(54, 'DB', 'Using SQL server 7.0', 'Stephen', '', '', '1'),
(55, 'DB', 'DB2 Universal Database V8.1', 'Roger', '', '', '1'),
(56, 'WB', 'A Semantic Web Primer', 'Antoniou', '', '', '1'),
(57, 'DM', 'Data Mining', 'Roiger', '', '', '0'),
(58, 'DW', 'Data Warehousing  in the Real World', 'Anahory', '', '', '1'),
(59, 'DM', 'Data Mining', 'Larose', '', '', '0'),
(60, 'OT', 'Ontological Engineering', 'Gomez-pegglz', '', '', '1'),
(61, 'DB', 'DBMS', 'Leon', '', '', '1'),
(62, 'DB', 'MySQL Internals', 'Pacheu', '', '', '1'),
(63, 'PC', 'An Intro to Distributed and Parallel Comp', 'Joel Cricklow', '', '', '1'),
(64, 'DT', 'Distributed COM Appl. Development', 'Maloney', '', '', '1'),
(65, 'OT', 'Instant Corba', 'Orfalli Harkey', '', '', '1'),
(66, 'AC', 'Distributed algorithms', 'Lynch N.A', '', '', '1'),
(67, 'GC', 'Grid computing', 'Joseph', '', '', '1'),
(68, 'GC', 'Performance Analysis and Grid Computing', 'Getov Gernt', '', '', '1'),
(69, 'DS', 'An Introd. To data structure with Appl', 'Tremblay', '', '', '1'),
(70, 'DS', 'Data structure using C & C++ Ed 2', 'Langsan Y', '', '', '1'),
(71, 'GE', 'Graph Theory', 'N. Deo', '', '', '1'),
(72, 'AC', 'Algorithm Design', 'Goodrich', '', '', '1'),
(73, 'PP', 'Cobol programming including ms-cobol and cobol 85', 'm.k. roy', '', '', '1'),
(74, 'DD', 'Fundamentals Of Logic Design Ed4', ' Roth,Clavles', '', '', '1'),
(75, 'EC', 'Electric drives', ' DE & Sen', '', '', '1'),
(76, 'EC', 'Electronic Engg.Materials & Devices', ' Allison.J', '', '', '1'),
(77, 'EC', 'Electronic Devices & circuits theory Ed 6', ' Boylestand R', '', '', '1'),
(78, 'DD', 'Fundamental of Digital logic with VHDL design', ' Brown.S', '', '', '0'),
(79, 'DD', 'Digital Systems', 'Hill Peterson', '', '', '1'),
(80, 'EC', 'Electronic Devices and Circuits Ed.3', ' Bell.D.A', '', '', '1'),
(81, 'OT', 'Decision support sys', 'Janakiraman', '', '', '1'),
(82, 'OT', 'Enterprise Res. Planning Con 2nd ed', 'Garg', '', '', '1'),
(83, 'OT', 'Fuzzy Logic with Engg App', 'Ross', '', '', '0'),
(84, 'AI', 'Into to artificial Intelligence &exp', 'Patterson', '', '', '1'),
(85, 'MG', 'Management Info sys', 'Jawadekar', '', '', '1'),
(86, 'MG', 'Management Info sys', 'Kroenke', '', '', '1'),
(87, 'IT', 'Intro to IT', ' Turban', '', '', '1'),
(88, 'AC', 'An Introduction to Genetic Algorithms', 'MelaineMitehell', '', '', '0'),
(89, 'IT', 'Management Information System ', 'James O Brien', '', '', '1'),
(90, 'SC', 'Neuro-Fuzzy and Soft Computing', 'Jang,sun', '', '', '0'),
(91, 'IT', 'Using Information Technology', 'Sawyer willam', '', '', '1'),
(92, 'AI', 'Artificial Intelligence a modern appro', 'Russel', '', '', '1'),
(93, 'CP', 'Test your skills in C', 'Selvi', '', '', '1'),
(94, 'OT', 'Intro to language & the theory of comm.', 'Martin', '', '', '1'),
(95, 'RT', 'Real time systems', 'Krishna', '', '', '1'),
(96, 'OT', 'Robot Dynamics Control', 'Spong', '', '', '1'),
(97, 'OT', 'Robotic engineering an integrated appro', 'Klafter', '', '', '1'),
(98, 'PP', 'Programming language', 'Robert  sebesta', '', '', '1'),
(99, 'CS', 'Theory of comp science Ed 2.', ' Mishra KLP', '', '', '1'),
(100, 'PP', 'Prog Lang Pragmatics', 'Scott', '', '', '1'),
(101, 'CS', 'Introduction to Computers', 'C.Xavier', '', '', '1'),
(102, 'PP', 'Logic and Prolog Programming', 'SarojKaushik', '', '', '1'),
(103, 'CD', 'Compiler Design in C', 'Holub', '', '', '1'),
(104, 'CD', 'Compiler principles techniques and tools', 'Alfred Aho', '', '', '1'),
(105, 'OT', 'Enterprise Resource Planning', 'Alexis Leon', '', '', '1'),
(106, 'OT', 'ERP : Demystified', 'Alexis Leon', '', '', '1'),
(107, 'PP', 'The Complete Reference : Crystal Report 7', 'George Peck', '', '', '1'),
(108, 'IT', 'Foundations Of information Technology', 'Yadav', '', '', '1'),
(109, 'EC', 'Electronic Commerce', 'Pete Lochin', '', '', '1'),
(110, 'SD', 'E Commerce Strategy Techniques and applications', 'David Whiteley', '', '', '1'),
(111, 'EC', 'Electronic Commerce', 'Gary P Schneider', '', '', '1'),
(112, 'EC', 'Electronic Commerce Security Risk Management Control', 'Greenstein', '', '', '1'),
(113, 'PC', 'Practical Parallel Programming', 'Gregory Wilson', '', '', '1'),
(114, 'CS', 'Computer Program Design', 'Elizabeth A Dickson', '', '', '1'),
(115, 'AC', 'Fundamentals of Algorithms', 'Branand', '', '', '1'),
(116, 'MG', 'Total Quality Management', 'Kannan', '', '', '1'),
(117, 'OT', 'Role of Technical Education', 'Kaliappan', '', '', '1'),
(118, 'KE', 'Knowledge management', 'Awad, Ghazini', '', '', '1'),
(119, 'RT', 'Real Time Systems', 'J.W.S.Liu', '', '', '1'),
(120, 'KE', 'Knowledge Engineering', 'Schreiber', '', '', '1'),
(121, 'MA', 'Discrete Mathematical Structures', 'Tremblay', '', '', '1'),
(122, 'SY', 'Security in Computing', 'Pfleeger', '', '', '1'),
(123, 'RT', 'Real time System Design', 'Laplante', '', '', '1'),
(124, 'NL', 'Natural Language Processing', 'Akshar', '', '', '1'),
(125, 'AC', 'Computer Algorithms Intro to Design & Analysis', 'Sara Baase', '', '', '1'),
(126, 'PP', 'Computer Programming Laboratory', 'Ramesh Babu', '', '', '1'),
(127, 'OT', 'Essential Business Process Modeling', 'Havey', '', '', '1'),
(128, 'OT', 'High Performance Computing', 'Yang', '', '', '1'),
(129, 'OT', 'National Conference on Advanced Computing - Proceedings', 'NCAC’06', '', '', '1'),
(130, 'AC', 'Introduction to Algorthim (2nd edition)', 'Thomas', '', '', '1'),
(131, 'JV', 'The Java Prog Lang Ed 3', ' Arnold K', '', '', '1'),
(132, 'JV', 'Prog with Java & Corba Ed2', '  Orfali & Fiarly', '', '', '1'),
(133, 'JV', 'Java 2 and JavaScript for C an Programmers ', 'Daconta Monk', '', '', '1'),
(134, 'JV', 'Java Developers Reference', 'Dan Joshi', '', '', '1'),
(135, 'JV', 'Black Art of the Java Game Programming', 'Fan Ries', '', '', '1'),
(136, 'OT', 'JFC Unleashed', 'Micheal folly', '', '', '1'),
(137, 'JV', 'The Java Virtual Machine Specification 2 Ed.', 'Lindholm', '', '', '1'),
(138, 'JV', 'Java Servlet Programming', 'Jason Hunter', '', '', '1'),
(139, 'WB', 'Beginning Javascript', 'Paul Wilton', '', '', '1'),
(140, 'JV', 'Pure Javascript', 'Jason Gilliom', '', '', '1'),
(141, 'JV', 'Java Security', 'Scott oaks', '', '', '0'),
(142, 'JV', 'The Complete Java 2 Certification', 'Jamie Jaworker', '', '', '1'),
(143, 'JV', 'J2EE Design patterns', 'Crawford', '', '', '1'),
(144, 'JV', 'JAVA OS Operating System', 'Tan Saulpauh', '', '', '1'),
(145, 'JV', 'Programming and Deploying Java Mobile Agents', 'Danny B Lange', '', '', '1'),
(146, 'JV', 'JAVA Servlets', 'Karl Moss', '', '', '1'),
(147, 'PP', 'Rich Client Programming', 'Boudreau', '', '', '1'),
(148, 'JV', 'Java Network Programming', 'Harold', '', '', '1'),
(149, 'JV', 'Java Server Programming', 'Kogent', '', '', '1'),
(150, 'JV', 'J2EE 1.4 Bible', 'Mc Govern', '', '', '1'),
(151, 'JV', 'Developing java servlets', 'James', '', '', '1'),
(152, 'MM', 'Multimedia Comm.', 'Halsall', '', '', '1'),
(153, 'CG', 'Computer Graphics', 'Hearn M.P Baker', '', '', '0'),
(154, 'MM', 'Multimedia making it work (5thed)', 'Vaughan', '', '', '1'),
(155, 'MM', 'Multimedia making it work(3rd ed)', 'TayVaughan', '', '', '1'),
(156, 'CG', 'Computer graphics prin and practice  Ed.2', 'Foley', '', '', '1'),
(157, 'MM', 'Multimedia Systems', 'Kogoel Buford', '', '', '1'),
(158, 'OT', 'Mathematical Elements of Comp. Graphics', 'Roger Adams', '', '', '1'),
(159, 'CG', 'Principles of Interactive Comp. Graphics', 'William Neuman', '', '', '1'),
(160, 'CG', 'Computer Graphics A Prog. Appro.', 'Steve harrington', '', '', '1'),
(161, 'OT', 'Inside 3D studio Max 2 Resource Kit Vol.1', 'Steven miller', '', '', '1'),
(162, 'OT', 'The Data compression book', 'Taylor', '', '', '1'),
(163, 'MM', 'Emerging Multimedia Computer Communication Technologies', 'Judith Jeffcoate', '', '', '1'),
(164, 'MM', 'Multimedia in Practice Technology & Applications', 'TayVaughan', '', '', '1'),
(165, 'MM', 'Multimedia System Design', 'Buford', '', '', '1'),
(166, 'MM', 'Multimedia Systems', 'Sayood', '', '', '1'),
(167, 'OT', 'Introduction to data compression', 'Steinmetz', '', '', '1'),
(168, 'MM', 'Multimedia Computing Communication & Application', 'Ze-Nian Drew', '', '', '1'),
(169, 'MM', 'Fundamendals of Multimedia', '', '', '', '1'),
(170, 'MP', 'Advance Microprocessor peripheral', ' Ray AK', '', '', '1'),
(171, 'MP', 'Microprocessor & Interfacing prg', 'Hall', '', '', '1'),
(172, 'ES', 'The 8051 Microcontroller & embedded sys', 'Mazidi', '', '', '1'),
(173, 'MP', 'The 8088 and 8086 Microprocessors.', 'Tribel', '', '', '1'),
(174, 'MP', 'The Intel Microprocessor 8086/8088/8018', 'Brey', '', '', '1'),
(175, 'MP', 'Advance Microprocessors', 'Tabak', '', '', '1'),
(176, 'MP', 'An Introduction to the Intel family of Microprocessors', 'James.L.Antonakos', '', '', '1'),
(177, 'ES', 'Embedded Micro computer systems', 'Jonathan W Valvano', '', '', '1'),
(178, 'ES', 'Embedded System Design', 'Frank Vahid', '', '', '1'),
(179, 'MP', 'Microprocessor & Microcontroller', 'Godse', '', '', '0'),
(180, 'CN', 'Comp Network 4 ed', 'Tanenbaum', '', '', '1'),
(181, 'CN', 'Computer Network (3rd Edition)', 'Tanenbaum', '', '', '1'),
(182, 'CN', 'Computer Network (Eastern Economic edition)', 'Tanenbaum', '', '', '1'),
(183, 'DN', 'Data and Computer Communication (5th Edition)', 'Stallings', '', '', '0'),
(184, 'CN', 'SNMP,SNMPV2,SNMPV3&RMON 1 & 2', 'Stalling', '', '', '1'),
(185, 'CN', 'IP Network design', 'Long', '', '', '1'),
(186, 'CN', 'Networking Handbook', 'Taylor', '', '', '1'),
(187, 'CN', 'TCP/IP illustrated V3', 'Stevens', '', '', '1'),
(188, 'CN', 'Internetworking with TCP/IP (3rd ed)', 'Doughls', '', '', '1'),
(189, 'CN', 'Computer Networks and Internet', 'Doughles comer', '', '', '1'),
(190, 'CN', 'Computer Networks (Black)', 'Uyless black', '', '', '1'),
(191, 'WN', 'Local Area Networks', 'Gerd kesier', '', '', '1'),
(192, 'CN', 'Network Protocol H/B', 'Naughle', '', '', '1'),
(193, 'CN', 'Networking Essentials Unleashed', 'Mark sparbec', '', '', '1'),
(194, 'MS', 'Network Programming in Windows NT', 'Sinha', '', '', '1'),
(195, 'OT', 'Special Edition Using ISDN', 'Bryce', '', '', '1'),
(196, 'OT', 'ISDN & Broadband ISDN with frame delay ATM', ' Stallings w', '', '', '1'),
(197, 'CN', 'Client/Server Computing', 'Patrick smith', '', '', '1'),
(198, 'WB', 'The Essential Client/Server', 'Harkey Edwards', '', '', '1'),
(199, 'CN', 'Client/Server Unleashed', 'Niel Jenkins', '', '', '1'),
(200, 'OT', 'Maximum Security', 'Anonymous', '', '', '1'),
(201, 'DN', 'Data Communication  and Networking- 4th ed', 'Forouzan', '', '', '1'),
(202, 'CN', 'Data Comm. and Computer Network', ' Halsall', '', '', '1'),
(203, 'SY', 'RSA Security guide to cryptography', 'Burnett', '', '', '1'),
(204, 'CN', 'Client/Server Computing', 'Dawna Travis Dewire', '', '', '1'),
(205, 'DN', 'Data Communications & Distributed Networks', 'Uyless D Black', '', '', '1'),
(206, 'CN', 'Internetworking with TCP/IP Principles Protocols & Architecture-5th ed', 'Douglas E Comer', '', '', '1'),
(207, 'CN', 'Internetworking with TCP/IP Principles Protocols & Architecture-4th ed', 'Douglas E Comer', '', '', '1'),
(208, 'OT', 'ISDN & Broadband ISDN with Frame Relay & ATM-4th ed', 'William Stallings', '', '', '1'),
(209, 'CN', 'Network Management Standards', 'Uyless Black', '', '', '1'),
(210, 'CN', 'TCP/IP Networking A Guide to the IBM Environment', 'David M Peterson', '', '', '1'),
(211, 'SC', 'Security and Usability', 'Cranor', '', '', '1'),
(212, 'SY', 'Cryptograhy and Network Security-4th ed', 'William Stallings', '', '', '0'),
(213, 'CN', 'Network Management', 'Claise', '', '', '1'),
(214, 'UX', 'Unix Network Programming-3rd ed', 'Stevens', '', '', '1'),
(215, 'CP', 'C++ - The Complete Reference 3rd Ed', 'Schildt', '', '', '1'),
(216, 'CP', 'C++ - The Complete Reference 2nd ed', 'H.Schilat', '', '', '1'),
(217, 'OO', 'Object Oriented Modeling and Design', 'Rumbaugh', '', '', '1'),
(218, 'OO', 'O/O Methods', 'james martin', '', '', '1'),
(219, 'OO', 'Object oriented analysis', 'Coad Y', '', '', '1'),
(220, 'OO', 'O/O Software Testing', 'Ahel Siegel', '', '', '1'),
(221, 'OO', 'Obj. oriented programming in c++', 'barkaka', '', '', '1'),
(222, 'CP', 'C++ primer', 'Stanley lippmar', '', '', '1'),
(223, 'CP', 'Special edition using c++', 'Paul kimmel', '', '', '1'),
(224, 'OO', 'Designinh obj oriented software', 'Rebbecca brock', '', '', '1'),
(225, 'OS', 'Modern OS Design & Implementation Ed 2', 'Tanenbaum', '', '', '0'),
(226, 'OS', 'Distributed OS', 'Tanenbaum A S', '', '', '1'),
(227, 'UX', 'Unix network prog', 'Stevens WR', '', '', '1'),
(228, 'UX', 'Unix network prog(Vol-1)', 'Stevens WR', '', '', '1'),
(229, 'OS', 'System programming & operating system', 'D M Dhamdhere', '', '', '1'),
(230, 'OS', 'The Design of the UNIX Operating System', 'Bach', '', '', '0'),
(231, 'OS', 'Distributed Operating Systems & Algorithms', 'Randy chow', '', '', '1'),
(232, 'UX', 'UNIX Shell Programmers', 'Christoper vickery', '', '', '1'),
(233, 'MS', 'Inside Windows NT 2 Ed', 'Solmon', '', '', '1'),
(234, 'MS', 'Deve. Professional Appl. for Win 95/NT', 'Brian lovette', '', '', '1'),
(235, 'MS', 'The Windows NT and Windows 2000 Answer', 'Savill', '', '', '1'),
(236, 'UX', 'Linux Kernel Progg.(3 ed)', 'Beck …', '', '', '1'),
(237, 'SD', 'System Software  ', 'L.Beck', '', '', '0'),
(238, 'MS', 'Programming Windows with MFC Ed2', 'Jeff Prossise', '', '', '1'),
(239, 'OS', 'Advance Concept in OS', 'Singhal M', '', '', '1'),
(240, 'UX', 'Linux the Complete Reference', 'Richard petersen', '', '', '1'),
(241, 'OS', 'Operating System', 'W.Stallings', '', '', '1'),
(242, 'PP', 'The Complete Reference Solaris 10', 'Watters', '', '', '1'),
(243, 'PP', 'Solaris Internals', 'McDougall', '', '', '1'),
(244, 'PP', 'Solaris Application Prog', 'D.Gove', '', '', '1'),
(245, 'UX', 'Unix network programming', 'Stevens', '', '', '1'),
(246, 'OS', 'Modern Operating systems (East)', 'Andrew S Tanenbaum', '', '', '0'),
(247, 'MS', 'Programming windows 95', 'Charles Petzold', '', '', '1'),
(248, 'MS', 'The visual basic for windows 95 handbook', 'Gary Cornell', '', '', '1'),
(249, 'MS', 'Windows 95 programming in C and C++', 'Herbert Schildt', '', '', '1'),
(250, 'MS', 'Windows NT for programming from the Ground up', 'Herbert Schildt', '', '', '1'),
(251, 'MS', 'Special edition using Windows NT workstation 3.51', 'Paul Sanna', '', '', '1'),
(252, 'UX', 'The C Odyssey UNIX', 'Meeta Gandhi', '', '', '1'),
(253, 'SD', 'UML Distilled 2nd Edition', 'Martin Fowler', '', '', '1'),
(254, 'OT', 'Managing Technical People', 'Humphery', '', '', '1'),
(255, 'SE', 'Software Engineering Concepts ', 'Richard Fairly', '', '', '0'),
(256, 'SE', 'Software Engineering A Practice (4th Edition)', 'Pressman', '', '', '0'),
(257, 'SE', 'Software Engineering A Practice', 'Pressman', '', '', '1'),
(258, 'SE', 'Fundamentals of Software Engineering', 'Ghezzijazayeri', '', '', '1'),
(259, 'SP', 'Software Project Management ', 'Royce', '', '', '1'),
(260, 'SD', 'Visual Modeling with Rational Rose & UML', 'Quatrani', '', '', '1'),
(261, 'ST', 'Effective Methods for Software Testing', 'Perry', '', '', '1'),
(262, 'IT', 'Analysis & Design of Information (senn)', 'James sen', '', '', '1'),
(263, 'SD', 'Applying UML & Patterns', 'Larman', '', '', '1'),
(264, 'OT', 'Managing the Testing Process', 'Rex Black', '', '', '0'),
(265, 'OT', 'Technical Writing process and product', 'Gerson', '', '', '1'),
(266, 'SE', 'Software Engineering', 'Ian Sommerville', '', '', '1'),
(267, 'SE', 'Software Engineering', 'CTS', '', '', '0'),
(268, 'SD', 'UML 2 Toolkit', 'Erikkson', '', '', '1'),
(269, 'SE', 'Component Software', 'Szyperski', '', '', '1'),
(270, 'SE', 'Software Engineering-1st ed', 'Dines', '', '', '1'),
(271, 'JV', 'Software Engineering with java', 'Stephen Schach', '', '', '1'),
(272, 'DP', 'DSP Principles algor& application Ed 4', 'Proakis John G', '', '', '1'),
(273, 'DP', 'Digital Signal Processing', 'Mitra', '', '', '0'),
(274, 'DP', 'Discrete time signal processing Ed 2', 'Oppenheim', '', '', '1'),
(275, 'DP', 'Adaptive Filter Theory', 'Haykin', '', '', '1'),
(276, 'DP', 'Digital processing of speech signals', 'Rabiner', '', '', '1'),
(277, 'NL', 'Fundamentals of Speech recognition', 'Rabiner', '', '', '1'),
(278, 'DI', 'Digital Image Pro 2 ed', 'Gonzalez', '', '', '1'),
(279, 'DI', 'Digital image processing Ed 3', 'Pratt', '', '', '1'),
(280, 'DI', 'Fundamentals of Digital Image Processing', 'Jain', '', '', '0'),
(281, 'DI', 'Digital Image Processing using Matlab', 'Gonalez', '', '', '1'),
(282, 'OT', 'Code composer', 'Texas Instruments', '', '', '1'),
(283, 'DB', 'Visual Basic 6 Database Programming SQL', 'Fronckowiak', '', '', '1'),
(284, 'PP', 'Prog MS VC ++ Ed 5', ' Krugliniski DJ', '', '', '1'),
(285, 'CP', 'VC++ Programming', 'Kanetkar', '', '', '1'),
(286, 'CP', 'Visual c++ handbook', 'Chris h pappas', '', '', '1'),
(287, 'PP', 'Visual basic 5 environment programming and applications', 'Alan l eliason', '', '', '1'),
(288, 'CP', 'Sama Teach urself visual c++ in 21 days', 'Davis chapman', '', '', '1'),
(289, 'MS', 'Schildt windows 95 prog. In C & C++', 'Herbert schildt', '', '', '1'),
(290, 'EC', 'Electronic Commerce A Managerial perspect.', ' Turban', '', '', '1'),
(291, 'EC', 'Frontiers of electronic commerce', ' Kalakota', '', '', '1'),
(292, 'WB', 'XML Bible Ed 2', ' Rusty', '', '', '1'),
(293, 'WB', 'VB .NET Programming', 'Hollis', '', '', '1'),
(294, 'WB', 'Introducing .Net', 'James Conard', '', '', '1'),
(295, 'OT', 'MS Exchange Server Survival Guide', 'Greg Todd', '', '', '1'),
(296, 'WB', 'ASP/MTS/ADSI Web Security', 'Harrison', '', '', '1'),
(297, 'WB', 'Introducing Microsoft .NET', 'Platt', '', '', '1'),
(298, 'WB', 'Internet & world wide web how to prog', 'Deitel', '', '', '1'),
(299, 'WB', 'XML step by step', 'Young', '', '', '1'),
(300, 'WB', 'Dynamic HTML', 'Rick Darnaell', '', '', '1'),
(301, 'WB', 'Internet Programming', 'Galgotia', '', '', '1'),
(302, 'PP', 'Mastering Internet Programming', 'Galgotia', '', '', '1'),
(303, 'OT', 'SE using the internet', 'Honeycutt', '', '', '1'),
(304, 'JV', 'SE Using Html 4 , XML and Java1.2', 'Eric ladd', '', '', '1'),
(305, 'WB', 'ASP.Net Web Matrix', 'Mike Pope', '', '', '1'),
(306, 'PP', 'SE using ISAPI', 'Stephen', '', '', '1'),
(307, 'IT', 'SE Using Microsoft Internet Information Server', 'Victor Wolters', '', '', '1'),
(308, 'OT', 'SE Using VB Script', 'Schwartz', '', '', '1'),
(309, 'OT', 'Professional Active Server Pages 3', 'Anderson', '', '', '1'),
(310, 'WB', 'Developing Enterprise web services', 'Chatterjee', '', '', '1'),
(311, 'WB', 'How the Internet works', 'Presten gralla', '', '', '1'),
(312, 'OT', 'Firewalls 24 Seven', 'Strebe perkins', '', '', '1'),
(313, 'WB', 'HTML Complete', '', '', '', '1'),
(314, 'MS', 'Teach Yourself Microsoft Front Page 98', 'David Karlins', '', '', '1'),
(315, 'WB', 'Enterprise Web Services Security', 'Hallor', '', '', '1'),
(316, 'OT', 'Jboss at work', 'TomMarrs', '', '', '1'),
(317, 'WB', 'Introducing Microsoft .NET', 'David S Platt', '', '', '1'),
(318, 'WB', '.NET XML web services step by step', 'Freeman Jones', '', '', '1'),
(319, 'WB', 'ADO .NET step by step', 'Riordon', '', '', '1'),
(320, 'WB', 'Professional ASP .NET 1.1', 'Homer', '', '', '1'),
(321, 'WB', 'HTML,CSS,Javascript,Perl,Python and Php', 'Schafer', '', '', '1'),
(322, 'WB', 'The Ultimate Guide: J2EE Web Services', 'Monson-Haefel', '', '', '1'),
(323, 'JV', 'Java Web Services', 'Chappell', '', '', '1'),
(324, 'OT', 'Understanding SOA', 'Newcomer', '', '', '1'),
(325, 'WB', 'Web Services', 'Cerami', '', '', '1'),
(326, 'WB', 'World Wide Web Design', 'Xavier', '', '', '1'),
(327, 'JV', 'SOA using  Java Web', 'Hansen', '', '', '1'),
(328, 'WB', 'Internet & WWW', 'Deitel', '', '', '1'),
(329, 'SD', 'Service Oriented Architecture', 'Eri', '', '', '1'),
(330, 'WB', 'J2EE Web Services', 'Monson', '', '', '1'),
(331, 'WB', 'XML, Web Services', 'Coyle', '', '', '1'),
(332, 'JV', 'Java Server Pages', 'Pekowsky', '', '', '1'),
(333, 'WB', 'The Complete Reference ASP .NET', 'Mac Donald', '', '', '1'),
(334, 'WB', 'J2EE Web Services', 'Haefel', '', '', '1'),
(335, 'WB', 'XML,Web Services', 'Coyle', '', '', '1'),
(336, 'WB', 'XML Web Services', 'Coyle', '', '', '1'),
(337, 'WB', 'Internet and WWW', 'Deitel', '', '', '1'),
(338, 'OT', 'Understanding SOA', 'Newcomer', '', '', '1'),
(339, 'WB', 'Semantic Web Technologies-Trends and research in ontology-based systems', 'John Davies,Rudi Studer,Paul Warren', 'WILEY', '', '1'),
(340, 'ML', 'Genetic Algorithms in search, Optimization and Machine Learning', 'David E.Goldberg', 'PEARSON', '', '0'),
(341, 'ML', 'Fundamentals of Neural Networks', 'Laurene Fausett', 'PEARSON', '', '0'),
(342, 'ML', 'Machine Learning', 'Tom M.Mitchell', 'McGraw Hill ', '', '0'),
(343, 'DM', 'DATA MINING Practical Machine Learning Tools and Techniques', 'Lan H.Witten, Eibe Frank, Mark A. Hall', 'Elsevier', '', '1'),
(344, 'ML', 'Introduction To Machine Learning', 'Ethem Alpaydin', 'PHI Learning', '', '0'),
(345, 'ML', 'Neural Networks and Learning Machines', 'Simon Haykin', 'PHI Learning', '', '0'),
(346, 'ML', 'Introduction to Machine Learning', 'Ethem Alpaydin', 'PHI', '', '1'),
(347, 'ML', 'Machine Learning An Algorithmic Perspective', 'Stephen Marsland', 'CRC Press', '', '1'),
(348, 'ML', 'Pattern Recognition and Machine Learning', 'Christopher Bishop', 'CBS', '', '1'),
(349, 'ML', 'Machine Learning', 'Tom Mitchell', 'TMH', '', '1'),
(350, 'ML', 'Pattern Recognition and Machine Learning', 'Christopher Bishop', 'CBS', '', '1'),
(351, 'DM', 'The Element of Statistical Learning-Data mining, Inference and Prediction', 'Trevor Hastie, Robert Tibshirani, Jerome Friedman', 'Springer', '', '0'),
(352, 'ML', 'Machine Learning An Algorithmic Perspective', 'Stephen Marsland', 'CRC Press', '', '1'),
(353, 'CN', 'Analyzing Social Networks', 'Stephen P Borgatti, Martin G Everett and Jeffrey C Johnson', 'SAGE', '2013', '1'),
(354, 'WB', 'Mining the Social Web', 'Matthew A. Russell', 'SPD', '2014', '1'),
(355, 'DM', 'Mining of Massive Datasets', 'Anand Rajaraman, Jeffery David Ullman', 'CAMBRIDGE', '2014', '1'),
(356, 'RT', 'storm bluedprints:patterns for distributed real-time computation    P.Taylor Goetz,Brain o\' neill', '', 'PACKT', '', '1'),
(357, 'ML', 'Learning scikit-learn:Machine learning in Python', 'Raul Garreta Guillermo Monvecchi', 'PACKT', '', '1'),
(358, 'ML', 'Foundation of Machine Learning', 'Mehryar Mohri,Afshin Rostamizadeh', 'Cambridge', '', '1'),
(359, 'IT', 'Introduction to information retrieval', 'christopher D.Manning,prabhakar Raghavan', 'Cambridge', '', '1'),
(360, 'DM', 'Survey of text mining Clustering , classification and retrieval', 'Micheal W.Berry', 'Springer', '2012', '1'),
(361, 'DM', 'DATA MINING AND KNOWLEGDE DISCOVERY WITH REVOLUTIONARY ALGORITHMS', 'ALEX A.FREITAS', 'Springer', '2010', '1'),
(362, 'DM', 'INTELLIGENT DATA MINING TECHNIQUES AND APPLICATIONS', 'Ruan .Chen Kerre Wets', 'Springer', '2005', '1'),
(363, 'AI', 'COMPUTATIONAL INTELLIGENCE METHODS ANS TECHNIQUES', 'Lezek Rutkowski', 'Springer', '2010', '1'),
(364, 'PP', 'Foundations of Genetic Programming', 'William B.Langdon Riccardo Poli', 'Springer', '2010', '1'),
(365, 'DM', 'Data Mining Concepts and Techniques', 'Jiawei Han, Micheline Kamber and Jian Pei', 'Morgan Kaufmann', '', '0'),
(366, 'DM', 'Data Mining Concepts and Techniques', 'Jiawei Han, Micheline Kamber and Jian Pei', 'Morgan Kaufmann', '', '0'),
(367, 'ML', 'Bayesian Reasoning and Machine Learning', 'David Barber', 'Cambridge', '', '1'),
(368, 'AI', 'Artificial Intelligence', 'Stuart J.Russell and Peter Norvig', 'PEARSON', '', '0'),
(369, 'ML', 'Introduction To Machine Learning with Python', 'Andreas C.Muller & Sarah Guido', 'SPD', '', '1'),
(370, 'ML', 'Machine Learning', 'Tom M.Mitchell', 'McGraw Hill ', '', '0'),
(371, 'ML', 'Machine Learning', 'Tom M.Mitchell', 'McGraw Hill ', '', '1'),
(372, 'DM', 'Data Mining Concepts And Techniques', ' Jiawei Han,Micheline Kamber,Jian Pei', 'MORGAN KAUFMANN', '', '1'),
(373, 'DM', 'Data Mining Concepts And Techniques', 'Jiawei Han,Micheline Kamber,jian Pei', 'MORGAN KAUFMANN', '', '1'),
(374, 'DM', 'Data Mining Concepts And Techniques', 'Jiawei Han,Micheline Kamber,jian Pei', 'MORGAN KAUFMANN', '', '1'),
(375, 'ML', 'Machine Learning', 'Tom M.Mitchell', 'McGraw Hill ', '', '1'),
(376, 'DM', 'Data Mining Concepts and Techniques', 'Jiawei Han,Micheline Kamber,jian Pei', 'Morgan Kaufmann', '', '1'),
(377, 'DM', 'Data Warehousing Data Mining And OLAP', 'Alex Berson,Stephen J.Smith', 'McGraw Hill ', '2004', '0'),
(378, 'DM', 'Mining of Massive Datasets', 'Jure Leskovec,Anand Rajaraman,Jeffrey David Ullman', 'CAMBRIDGE', '', '1'),
(379, 'MM', 'Multimedia-Computing,Communications & Application', 'Ralf Sreinmetz, Klara Nahrstedt', 'PEARSON', '', '1'),
(380, 'MM', 'Fundamentals of Multimedia', 'Ze-Nian Li, Mark S.Drew', 'PHI Learning', '', '0'),
(381, 'MM', 'Fundamentals of Multimedia', 'Ze-Nian Li, Mark S.Drew', 'PHI Learning', '', '1'),
(382, 'MM', 'Multimedia in Practice Technology and Applications', 'Judith Jeffcoate', 'PEARSON', '', '1'),
(383, 'MM', 'Multimedia Communication - Components, Techniques, Standards', 'Krishna Kumar.D.N', 'PEARSON', '', '1'),
(384, 'MM', 'Principles of MULTIMEDIA', 'Ranjan Parekh', 'McGraw Hill ', '', '1'),
(385, 'MM', 'Multimedia Communication-Applications, Networks, Protocols and Standards', 'Fred Halsall', 'PEARSON', '', '1'),
(386, 'MM', 'Fundamentals of Multimedia', 'Ze-Nian Li, Mark S. Drew', 'PHI Learning', '', '1'),
(387, 'CG', 'Computer Graphics Using OPENGL', 'F.S.Hill, J.R.Stephen, M.Kelly', 'PHI Learning', '', '1'),
(388, 'MM', 'Multimedia Software Engineering', 'Chang', 'Springer', '', '1'),
(389, 'OT', 'Practical algorithm for image analysis', 'Lawrence O\'Gorman, Michael J. Sammon, Michael Seul', 'Cambridge', '', '1'),
(390, 'OT', 'Practical MATLAB Applications for Engineers', '', '', '', '1'),
(391, 'DI', 'Adaptive Image Processing - A computational Intelligence Perspective', 'Kim-Hui Yap, Ling Guan, Stuart William Perry and Hau-San Wong', 'CRC', '', '1'),
(392, 'DI', 'DIGITIAL IMAGE PROCESSING', 'Rafael C.Gonzalez, Richard E. Woods', 'PEARSON', '', '1'),
(393, 'CG', 'VECTOR ANALYSIS FOR COMPUTER GRAPHICS', 'John Vince', 'Springer', '', '1'),
(394, 'OT', 'Bioinformatics: An Introduction', 'Jeremy J.Ramsden', 'Springer', '', '1'),
(395, 'OT', 'Practical Bioinformatics', 'Janusz M.Bujnicki', 'Springer', '', '1'),
(396, 'OT', 'Bioinformatics Technologies', 'Yi-Ping Phoebe Chen', 'Springer', '2014', '1'),
(397, 'CG', 'Computer Graphics c Version', 'Donald D.Hearn and  M.Pauline Baker', 'PEARSON', '', '1'),
(398, 'CG', 'Computer Graphics ', 'B.K.Tripathy, Chandra Mouli.P.V.S.S.R', 'Ane Books', '', '1'),
(399, 'CG', 'Computer Graphics C Version', 'Donald Hearn,M.Pauline Baker', 'PEARSON', '', '1'),
(400, 'CG', 'Computer Graphics C Version', 'Donald Hearn,M.Pauline Baker', 'PEARSON', '', '1'),
(401, 'CN', 'CCIE Professional Development Routing TCP/IP', '', '', '', '0'),
(402, 'CN', 'TCP/IP - The Ultimate Protocol Guide Data Delivery and Pouting', 'Philip M.Miller', 'dreamtech PRESS', '', '1'),
(403, 'CN', 'TCP/IP - Design, Impelementation and Internals', 'Douglas E.Comer, David L. Stevens', 'PHI Learning', '', '1'),
(404, 'DN', 'Data Communication and Networking', 'Behrouz A.Forouzan', 'Tata McGraw Hill', '', '0'),
(405, 'CN', 'Network analysis architecture and design', 'James d. mccabe', 'Elsever', '', '1'),
(406, 'CN', 'Computer Networking, A Top-Down Approach featuring the Internet', 'James F.Kurose', 'Pearson', '2006', '1'),
(407, 'CN', 'Network Processor Design', 'crowleg Franklin', 'Elsever', '', '1'),
(408, 'CN', 'Network analysis architecture and design', 'Brandes, Erlebach', 'Springer', '', '1'),
(409, 'DT', 'Distributed Network System', 'Jia / Zheu', 'Springer', '', '1'),
(410, 'CN', 'TCP/IP Protocol Suite', 'Behrouz A.Forouzan', 'Tata McGraw Hill', '', '1'),
(411, 'CN', 'Computer Networking, A Systems Approach', 'Larry L.Peterson, Bruce C.Davie', 'Morgan Kaufman', '', '0'),
(412, 'JV', 'An Introduction to Ntwork Programming with Java', 'Jan Graba', 'Springer', '2014', '1'),
(413, 'CN', 'High Speed Networks and Internets', 'William Stallings', 'Pearson', '2013', '0'),
(414, 'MA', 'QUEUING THEORY AND TELECOMMUNICATIONS Networks and Applications', 'Giovanni Giambene', 'Springer', '2010', '1'),
(415, 'CN', 'COMPUTER NETWORKS AND SYSTEMS Queueing Theory and Performance Evalution', 'Thomas G.Robertazzi', 'Springer', '2013', '1'),
(416, 'DN', 'Communication and networking', 'John Cowley', 'Springer', '2010', '1'),
(417, 'PV', 'NETWORKING INFRASTRUCTURE FOR PERVASIVE COMPUTING', 'Debashis saha Amitava Mukherjee Somparkash Bandypopadhyay', 'Springer', '2013', '1'),
(418, 'DN', 'Data Communication and Networking', 'Behrouz A.Forouzan', 'McGraw Hill', '', '1'),
(419, 'DN', 'Data Communication and Networking', 'Behrouz A.Forouzan', 'McGraw Hill', '', '1'),
(420, 'MN', 'Ad Hoc Mobile Wireless Networks- Protocols and Syatems', 'C.K. Toh', 'PEARSON', '', '0'),
(421, 'WN', 'AD HOC WIRELESS NETWORKS- Architectures and Protocols ', 'Siva Ram Murthy.C, B.S.Manoj', 'PEARSON', '', '0'),
(422, 'MC', 'Mobile Computing -Theory and Practice', 'Kumkum Garg', 'PEARSON', '', '0'),
(423, 'SN', 'Protocols and Architectures - for Wireless Sensor Networks', 'Holger Karl, Andreas Willig', 'WILEY', '', '1'),
(424, 'SN', 'Wireless Sensor Networks - Technology, Protocols, and Applications', 'Kazem Sohraby, Daniel Minoli, Taieb Znati', 'WILEY', '', '1'),
(425, 'SN', 'Wireless Sensor Networks - An Information Processing Approach', 'Feng ZHAO, Leonidas GUIBAS', 'ELSEVIER', '', '1'),
(426, 'MN', 'Ad Hoc Mobile Wireless Networks- Protocols and Syatems', 'C.K. Toh', 'PEARSON', '', '0'),
(427, 'SN', 'Protocols and Architectures - for Wireless Sensor Networks', 'Holger Karl, Andreas Willig', 'WILEY', '', '0'),
(428, 'SN', 'Guide to Wireless Sensor Networks', 'Sudip Misra, Isaac Woungang, Subhas Chandra Misra', 'Springer', '', '1'),
(429, 'SN', 'Ad Hoc and Sensor Networkss - Theary and Applications', 'Carlos de Morais Cordeiro, Dharma Prakash Agrawal', 'World Scientific', '', '0'),
(430, 'SN', 'Building Wireless Sensor Networks', 'Robert Faludi', 'O\'Reilly', '', '1'),
(431, 'MM', 'Cross-Layer Optimized Wireless Multimedia Communication', 'Haohong Wang, Jianwei Huang, Mihaela Van Der Schaar, Dapeng Oliver Wu, and Zhu Han', 'Hindawi ublishing', '', '1'),
(432, 'WC', 'Wireless Communication & Networks', 'William Stallings', 'PEARSON', '', '0'),
(433, 'MC', 'Principles of Mobile Computing', 'Uwe Hansmann, Lothar Merk , Martin S.Nicklous and Thomas Stober', 'Springer', '', '1'),
(434, 'SN', 'PROTOCOL AND ARCHITECTURES for Wireless Sensor Networks', 'Holger karl, Andreas willig', 'WILEY', '', '0'),
(435, 'MN', 'Ad Hoc Mobile Wireless Networks - protocols and Systems', 'C.K. Toh', 'PEARSON', '', '0'),
(436, 'WN', 'Ad Hoc Wireless Networks - Architectures and Protocols', 'C.Siva rama Murthy, B.S. Manoj', 'PEARSON', '', '1'),
(437, 'MC', 'An Introducation to LTE,LTE-Advanced ,SAE and 4G Mobile Communication', 'Christopher Cox', 'WILEY', '', '0'),
(438, 'WN', 'Wireless Network Evolution 2G to 3G', 'Vijay K.Garg', 'PEARSON', '', '1'),
(439, 'SN', 'Wireless Sensor Networks - An Information Processing Approach', 'Feng ZHAO, Leonidas GUIBAS', 'MK', '', '1'),
(440, 'MN', 'Mobile Ad Hoc Networks - From Wireless LAN to 3G networks', 'George Aggelou', 'Tata McGraw Hill', '', '0'),
(441, 'MN', 'Ad Hoc Mobile Wireless Networks - protocols and Systems', 'C.K. Toh', 'PEARSON', '', '1'),
(442, 'WN', 'Ad-Hoc Networking', 'Charles.E.Perkins ', 'PEARSON', '', '1'),
(443, 'WN', 'Wireless Ad Hoc Networking- Personal Area, Local Area and the Sensory- Area Networks', 'Shih-Lin Wu, Yu-Chee Tseng', 'Auerbach Publication', '', '1'),
(444, 'PV', 'Pervasive Computing: Technology & Architecture of Mobile Internet Applications', 'Jocken Burkhand', 'Pearson', '2002', '0'),
(445, 'MN', 'Ad Hoc Mobile Wireless Networks: Principles, Protocols and Applications', 'Subir kumar sarkar, T.G.Basavaraju', 'Auerbach Publication', '2004', '0'),
(446, 'SE', 'Ubiquitous Computing : Smart Devices Environment & In…..', 'Stephan Poslad', 'John Wiley', '2009', '0'),
(447, 'SN', 'Protocols and Architecture for Wireless Sensor Networks', 'Holyer Karl & ………', 'John Wiley', '', '1'),
(448, 'PV', 'Fundamental of Mobile and pervasive Computing', 'Frank Adelstein', 'Tata McGraw Hill', '', '1'),
(449, 'SN', 'Ad Hoc and Sensor Networks: Theory and Application', 'Carlo de Morais Cordeiro', 'CUP', '', '0'),
(450, 'SN', 'Problem Solving for Wireless Sensor Networks', 'Ana Belen Gracia', 'Springer', '', '1'),
(451, 'NS', 'Principle of secure network system design', 'Sumit ghosh', 'Springer', '', '1'),
(452, 'WC', 'Wireless Communication', 'Andrea Goldsmith', 'Cambridge', '', '1'),
(453, 'WN', 'Principles of Wireless Networks', 'Kaveh Pahlavan, Prashanth Krishnamurthy', 'PEARSON', '2004', '1'),
(454, 'OT', 'Location-Based Services ', 'Jochen Scheiller, Agnes Voisard', 'ELSEVIER', '', '1'),
(455, 'MC', 'Mobile Design and Development', 'Brian Fling', 'O\'Reilly', '2012', '0'),
(456, 'SE', 'Ubiquitous Computing : Smart Devices Environment & In…..', 'Stefan Poslad', 'WILEY', '2010', '0'),
(457, 'SN', 'Fundamentals of Wireless Sensor Networks', 'Waltenegus Dargie,Christian Poellabauer', 'Wiley', '', '1'),
(458, 'SE', 'Ubiquitous Computing : Smart Devices Environment & In…..', 'Stefan Poslad', 'Wiley', '', '1'),
(459, 'MC', 'Mobile Communications', 'Jochen Schiller', 'PEARSON', '', '0'),
(460, 'MC', 'Mobile Computing', 'Prashant Kumar Patra and Sanjit Kumar Dash', 'SCITECH', '', '1'),
(461, 'SN', 'Wireless Sensor Networks - A Networking Perspective', 'Jun Zheng and Abbas Jamalipour', 'WILEY', '', '1'),
(462, 'WN', 'Ad Hoc Wireless Networks - Architectures and Protocols', 'C.Siva rama Murthy, B.S. Manoj', 'PEARSON', '', '1'),
(463, 'SN', 'Wireless Sensor Networks - An Information Processing Approach', 'Feng ZHAO, Leonidas GUIBAS', 'Morgan Kaufmann', '', '0'),
(464, 'SC', 'GRAY HAT HACKING - The Ethical Hacker\'s Handbook', 'Allen Harper, Jonathan Ness , Gideon Lenkey, Shon Harris, Chris Eagle, Terron Williams', 'TATA McGRAW-HILL', '', '1'),
(465, 'CN', 'An Unofficial Guide to Ethical Hacking', 'AnKit Fadia', 'MACMIllAN', '', '1'),
(466, 'NS', 'Network Security and Cryptography', 'Bernard Menezes', 'CENGAGE Learning', '', '1'),
(467, 'IT', 'INFORMATION SYSTEMS SECURITY - Security Management, Metrics, Frameworks and Best Practices', 'Nina Godbole', 'WILEY', '', '1'),
(468, 'NS', 'Network Security ssentials - Applications and Standards', 'William Stallings', 'PEARSON', '', '1'),
(469, 'NS', 'Network Security PRIVATE Commmunication in a PUBLIC World', 'Charlie Kaufman, Radia Perlman, Mike Speciner', 'PHI Learning', '', '0'),
(470, 'SY', 'Introduction to Cryptography with Coding Theory', 'Wade Trappe, Lawrence C. Washington', 'PEARSON', '', '1'),
(471, 'NS', 'Unofficial Guide to ETHICAL HACKING', 'AnKit Fadia', 'MACMIllAN', '', '1'),
(472, 'NS', 'Wireless Security - Models, Threats and Solutions', 'Randall K.Nichols, Panos C.Lekkas', 'TATA McGRAW-HILL', '', '0'),
(473, 'SY', 'CRYPTOGRAPHY AND NETWORK SECURITY-Principle and Practice', 'William Stallings', 'PEARSON', '', '0'),
(474, 'SY', 'SECURITY IN COMPUTING', 'Charles P.Pfleeger , Shari Lawarance P.Fleeger', 'Pearson', '', '1'),
(475, 'SY', 'Introduction to Cryptography with coding Theory', 'Lawerence C. Washington, Wade Trappe', 'PEARSON', '', '1'),
(476, 'SY', 'CRYPTOGRAPHY AND NETWORK SECURITY-Principle and Practice', 'William Stallings', 'PEARSON', '', '1'),
(477, 'CN', 'E-mail Haching', 'AnKit Fadia', 'Vikas Publication House Pvt Ltd', '', '1'),
(478, 'SY', 'Modern Cryptography - Theory & Practice', 'W.Mao', 'Pearson', '', '0'),
(479, 'MS', 'Windows Forensics', 'Steel', 'Wiley', '', '1'),
(480, 'CF', 'Computer Foransics', 'John R.Vacca', 'Newage', '', '1'),
(481, 'SN', 'Security in Wireless Ad hoc & Sensor Networks', 'Cayirci', 'Wiley', '', '1'),
(482, 'SY', 'Security in computing ', 'Charles P.Ptleages', 'Prentice Hall', '', '0'),
(483, 'SY', 'Cryptography & Network Security', 'Behrouz A.Forouzan', 'McGraw Hill', '', '0'),
(484, 'NS', 'Principles of Secure Network System Design', 'Sumit Ghosh', 'Springer', '2002', '1'),
(485, 'SY', 'Elliptica Curves in Cryptography', 'Lan Blake, Gadiel Seroussi & Nigel Smart', 'Cambridge', '', '1'),
(486, 'OT', 'Contemporary Cryptology', 'Birkhauser', 'Springer', '2010', '1'),
(487, 'CN', 'A Guide to Computer Network Security', 'Joseph Migga Kizza', 'Springer', '2010', '1'),
(488, 'SY', 'Computer Security in the 21th Century', 'D.T.Lee, S.P.Shieh and J.D.Tygar', 'Springer', '2009', '1'),
(489, 'NS', 'Network Security PRIVATE Commmunication in a PUBLIC World', 'Charlie Kaufman, Radia Perlman, Mike Speciner', 'PHI Learning', '', '1'),
(490, 'CF', 'Forensic computing', 'Tony Sammes Brian Jenkinson', 'Springer', '2010', '1'),
(491, 'IT', 'INFORMATION SECURITY FUNDAMENTALS ', 'Thomas R.peltier Justin Peltier John Belackley', 'AUERBACH', '2004', '1'),
(492, 'NS', 'Wireless Security - Models, Threats and Solutions', 'Randall K.Nichols, Panos C.Lekkas', 'McGraw Hill', '2006', '1'),
(493, 'CF', 'CYBER SECURITY Understanding Cyber Crimes, Computer Forensics and Legal Perspectives', 'Nina Godbole, Sunit Belapure', 'Wiley', '2014', '1'),
(494, 'SC', 'Hands-On ETHICAL HACKING and NETWORK Defense', 'Michael T.Simpson, Kent Backman and James E.Corley', 'CENGAGE Learning', '', '0'),
(495, 'SC', 'Soft Computing and Intelligent Systems Design', 'Fakhreddine.O.Karray', 'PEARSON', '', '1'),
(496, 'SC', 'Neuro fuzzy and Soft Computing-A computational Approach to learning and Machine Intelligences', 'J.S.R.Jang, C.T.Sun, E.Mizutani', 'PHI Learning', '', '1'),
(497, 'SC', 'Principles of Soft Computing', 'S.N.Sivanandam, S.N.Deepa', 'WILEY', '', '0'),
(498, 'SC', 'Neuro fuzzy and Soft Computing-A computational Approach to learning and Machine Intelligences', 'J.S.R.Jang, C.T.Sun, E.Mizutani', 'PHI Learning', '', '1'),
(499, 'SC', 'Neuro fuzzy and Soft Computing-A computational Approach to learning and Machine Intelligences', 'J.S.R.Jang, C.T.Sun, E.Mizutani', 'PHI Learning', '', '1'),
(500, 'SC', 'Principles of SOFT COMPUTING', 'S.N.Sivanandam, S.N.Deepa', 'WILEY', '', '0'),
(501, 'AI', 'Artificial Intelligence and Soft Computing - Behaviour and Connitive Modeling of the Human Brain', 'Amit Konar', 'CRC Press', '2009', '0'),
(502, 'SC', 'Soft Computing', 'L.Fortuna, G.Rizzotto, M. Lavorgna,G.Nunnari, M.G. Xibilia and R.Caponetto', 'Springer', '2011', '1'),
(503, 'OT', 'Fuzzy Logic - A spectrum of Theoretical and Practial Issues', 'Paul P.Wang, Da Ruan, Etienne E.Kerre', 'Springer', '2009', '1'),
(504, 'AI', 'Fundamentals of the New Artificial Intelligence - Neural, Evolutionary, Fuzzy ', 'Toshinori Munakata', 'Springer', '2014', '1'),
(505, 'OT', 'Fuzzy Logic - A spectrum of Theoretical and Practial Issues', 'Hung T.Naguyen Elbert A.Walker', 'CRC Press', '2006', '1'),
(506, 'SC', 'Neuro fuzzy and Soft Computing-A computational Approach to learning and Machine Intelligences', 'J.S.R.Jang, C.T.Sun, E.Mizutani', 'PHI Learning', '', '1'),
(507, 'AI', 'Artifical Intelligent A modern Approach', 'StuartbRussell and Peter Norvig', 'Pearson', '', '1'),
(508, 'SC', 'Neuro fuzzy and Soft Computing-A computational Approach to learning and Machine Intelligences', 'J.S.R.Jang, C.T.Sun, E.Mizutani', 'PHI Learning', '', '1'),
(509, 'SC', 'Neuro fuzzy and Soft Computing-A computational Approach to learning and Machine Intelligences', 'J.S.R.Jang, C.T.Sun, E.Mizutani', 'PHI Learning', '', '1'),
(510, 'AC', 'Neural Networks,fuzzy Systems,and Evolutionary Algorithms Synthesis And Applications', 'S.Rajasekaran, G.A.Vijayalakshmi Pai', 'PHI Learning', '', '1'),
(511, 'SC', 'Neuro-Fuzzy And Soft Computing A Computational Approach to Learning And Machine Intelligence', 'J.S.R.Jang, C.T.Sun, E.Mizutani', 'PHI Learning', '2014', '0'),
(512, 'SC', 'Principles of Soft Computing', 'S.N.Sivanandam, S.N.Deepa', 'Wiley', '', '0'),
(513, 'AI', 'Artificial Intelligence A Modern Approach', 'Stuart Russell,Peter Norvig', 'PEARSON', '', '0'),
(514, 'AI', 'Artificial Intelligence A Modern Approach', 'Stuart Russell,Peter Norvig', 'PEARSON', '', '1'),
(515, 'AI', 'Artificial Intelligence A Modern Approach', 'Stuart Russell,Peter Norvig', 'PEARSON', '', '1'),
(516, 'PC', 'Parallel Computing - Theory and Practice', 'Michael J.Quinn', 'TATA McGRAW-HILL', '', '0'),
(517, 'TC', 'Introduction to Automata Theory, Languages, and Computation', 'John E.Hopcroft, Rajeev Motwani, Jeffrey D.Ullman', 'PEARSON', '', '1'),
(518, 'CD', 'Compilers -Princilpes, Techniques and Tools', 'Alfred V.Aho, Monica S.Lam , Ravi Sethi, Jeffrey D. Ullman', 'PEARSON', '', '0'),
(519, 'PC', 'Introduction to Parallel Computing', 'Ananth Grama, Anshul Gupta, George Karypis, Vipin Kumar', 'PEARSON', '', '0'),
(520, 'PC', 'Parallel Programming in C with MPI and OpenMP', 'Michael L.Quinn', 'Tata McGRAW-HILL', '', '1'),
(521, 'CA', 'Computer Architecture and Organization', 'John P.Hayes', 'Tata McGRAW-HILL', '', '0'),
(522, 'OS', 'Operating Systems-Internals and Design Princiloes', 'William Stallings', 'PEARSON', '', '1'),
(523, 'CD', 'Compiler Design', 'K.Muneeswaran', 'OXFORD', '', '1'),
(524, 'OT', 'Linkers & Loaders', 'John R.Levin', 'Elsevier', '', '1'),
(525, 'OS', 'Operating Systems: A Concept -based Approach', 'D.M.Dhandhene', 'TATA McGraw Hill', '', '1'),
(526, 'CD', 'Compiler Design in C', 'Allen 1. Holub', 'Prentice Hall', '1993', '1'),
(527, 'CD', 'Advanced Compiler Design and Implementation', 'Steven S. Muchnick', 'Kindle Edition', '', '0'),
(528, 'PC', 'Parallel Programmin in C with MPI and OpenMP', 'Michael J Quinn', 'TATA McGraw Hill', '', '1'),
(529, 'OT', 'Engineering A Compiler, 2/e', 'Cooper', 'Elsever', '', '1'),
(530, 'CA', 'Parallel Computer Architecture', 'Culler', 'Elsever', '', '1'),
(531, 'PC', 'PARALLEL COMPUTING ARCHITECTURE', 'J Singh', 'Elsevier', '', '1'),
(532, 'CD', 'Optimizing Compilers for Modern Archetectures: A Dependence based approach', 'Randy Allen, Kenkemedy', '', '', '1'),
(533, 'OT', 'GPU Computing Gems', 'Wen-MEI W.HWU', '', '', '1'),
(534, 'CS', 'Theoretical Computer Science', 'Juraj Hrom Kovic', 'Springer', '', '1'),
(535, 'TC', 'Introduction to Formal Languages', 'Kirthivasan', 'PEARSON', '2011', '0'),
(536, 'PC', 'Introduction to Parallel Computing- A practical Guide with Example in C', 'W.P.Petersen and P.Arbenz', 'OXFORD', '', '1'),
(537, 'CD', 'Advanced Compiler Design and Implementation', 'Steven S. Muchnick', 'Elsevier', '', '0'),
(538, 'CD', 'Advanced Compiler Design and Implementation', 'Steven S. Muchnick', 'Elsevier', '', '1'),
(539, 'PC', 'Progamming Massively Parallel Processors', 'David B.Kirk, Wen-mei W.Hwu', 'Morgan Kaufmann', '', '1'),
(540, 'OT', 'COMPELXITY THEORY', 'Ingo Wegener', 'Springer', '2009', '1'),
(541, 'CS', 'Introduction to Theory of Computer Science', 'E.V.Krishnamurthy', 'EWP', '1983', '1'),
(542, 'PP', 'System Software An Introduction to Systems Programming', 'Leland L.Beck,D.Manjula', 'PEARSON', '', '1'),
(543, 'OS', 'Operating System Concepts', 'Abraham Silberschatz,Peter B Galvin,Gerg Gagne', 'Wiley', '', '0'),
(544, 'DT', 'Distributed Systems Concepts  And Design', 'George Coulouris,Jean Dollimore,Tim Kindberg,Gordon Blair', 'PEARSON', '', '0'),
(545, 'DT', 'Distributed Systems Principles And Paradigms', 'Andrew S.Tanenbaum,Maarten Van Steen', 'PHI', '', '1'),
(546, 'CA', 'Computer Architecture A Quantitative Approach', 'John L.Hennssy,David A.Patterson', 'MORGAN KAUFMAN', '', '1'),
(547, 'CA', 'Computer Architecture A Quantitative Approach', 'John L.Hennssy,David A.Patterson', 'MORGAN KAUFMAN', '', '1'),
(548, 'CA', 'Computer Architecture A Quantitative Approach', 'John L.Hennssy,David A.Patterson', 'MORGAN KAUFMAN', '', '1'),
(549, 'CS', 'System Software  ', 'A.C.Shalini', 'SCITECH', '', '1'),
(550, 'OS', 'Operating System Concepts', 'Abraham Silberschatz, Peter Baer and Greg Gagne', 'Wiley', '', '0'),
(551, 'DB', 'DISTRIBUTED DATABASE SYSTEM', 'Chhanda Ray', 'PEARSON', '', '1'),
(552, 'DM', 'Data Mining - Concepts and Techniques', 'Jiawei Han, Micheline Kamber, Jian Pei', 'Morgan Kaufmann', '', '1'),
(553, 'DM', 'Data Mining - Introductory and Advanced Topics', 'Margarct H.Dunham', 'PEARSON', '', '1'),
(554, 'DM', 'Data Warehousing, Data Mining & OLAP', 'Alex Berson, Stephen J.Smith', 'Tata McGraw Hill', '', '1'),
(555, 'DM', 'Data Mining - Concepts and Techniques', 'Jiawei Han, Micheline Kamber, Jian Pei', 'Morgan Kaufmann', '', '1'),
(556, 'DM', 'Data Mining - Concepts and Techniques', 'Jiawei Han, Micheline Kamber, Jian Pei', 'Morgan Kaufmann', '', '1'),
(557, 'IT', 'Information Storage and Management ', 'EMC', 'Wiley', '', '0'),
(558, 'DM', 'Design & Impelementation of Data Mining Tools', 'M.Awad Latitur Khan, Bharaui, Lei', '', '', '1'),
(559, 'KE', 'Knowledge Management', 'Elias M.Awad & Ahassan', 'PEARSON', '', '1'),
(560, 'DB', 'Database Systems - Concepts,Designs and Application', 'Shio Kumar Singh', 'Pearson', '', '1'),
(561, 'DM', 'Data Warehousing and Data Mining', 'V.R.Kavitha', 'Sree Magnus Publication', '', '1'),
(562, 'DB', 'Database Development and Management', 'LEE CHAO', 'Auerbach Publication', '2005', '1'),
(563, 'BD', 'Learning SPARK', 'Holden Karau, Andy Konwinski, Patrick Wendell & Matei Zaharia', 'SPD', '2015', '1'),
(564, 'DB', 'Database Security and Auditing- Protecting data integrity and Accessibility', 'Hassan A.Afyouni', 'cengage Learning', '2014', '1'),
(565, 'IT', 'Introduction to Information Retrieval', 'Christopher D.Manning, Prabhakar Raghavan and Hinrich Schutze', 'Cambridge', '', '0'),
(566, 'DB', 'Database Management Systems', 'Raghu Ramakrishnan,Johannes Gehrke', 'McGraw Hill', '', '1'),
(567, 'DB', 'Database Management Systems', 'Raghu Ramakrishnan,Johannes Gehrke', 'McGraw Hill', '', '1'),
(568, 'OR', 'Oracle Database The Concepts Reference', 'Kevin Loney', 'McGraw Hill', '2009', '1'),
(569, 'GE', 'A Document Preparation System -LATEX -User\'s Guide and Reference Manual', 'Leslie Lamport', 'PEARSON', '', '1'),
(570, 'AC', '9 Algorithms that changed the future - The Ingenious ideas that drive today\'s Computer', 'John MacCormick', 'Princeton', '', '1'),
(571, 'DM', 'The Rough Guide to - SOCIAL MEDIA for beginners', 'Sean Mahoney', 'rough guide', '', '1'),
(572, 'CS', 'Computer Fundamental', 'Pradeep K.Sinha', 'BPB', '', '1'),
(573, 'OT', 'Engineering Ethics concepts & Cases', 'Charles E.Harris, Michael S.Pritchard, Michile J.Rabins', 'CENGAGE Learning', '', '1'),
(574, 'OT', 'Ethics in Engineering', 'Mike W.Martin, Roland Schinzinger', 'McGrawHill', '', '1'),
(575, 'GE', 'General Studies for Civil Service Preliminary Examination-2015', '', 'McGrawHill', '', '1'),
(576, 'GE', 'CS & IT for GATE - 2015', '', 'McGrawHill', '', '1'),
(577, 'GE', 'MADE EASY CS & IT for GATE - 2015', '', 'Made easy', '', '1'),
(578, 'OT', 'Research Methodology and Scientific Writing', 'C.George Thomas', 'Ane Books', '', '1'),
(579, 'GE', 'Intriduction to the CONSTITUTION of INDIA', 'Dr.DURGA DAS BASU', 'LEXIXNEXIS', '', '1'),
(580, 'GE', 'Indian Polity for Civil Service Examination', 'M.Laxmikanth', 'McGrawHill', '', '1'),
(581, 'GE', 'How to Prepare for QUANTITATIVE APPTITUDE for the CAT', 'Arun Sharma', 'McGrawHill', '', '1');
INSERT INTO `book` (`bID`, `cID`, `bName`, `bAuthor`, `bPublish`, `bYear`, `bCopy`) VALUES
(582, 'GE', 'General Studies for Civil Service Preliminary Examination-2015', '', 'McGrawHill', '', '1'),
(583, 'GE', 'Gate Mentor 2015', 'Ajay Mittal .Naveen Aggarwal', 'CENGAGE Learning', '', '1'),
(584, 'GE', 'How to Prepare for QUANTITATIVE APPTITUDE for the CAT', 'Arun Sharma', 'McGrawHill', '', '1'),
(585, 'GE', 'GATE Tutor 2016', 'Er.Shanti Kirupani, Prachi Jain and Amrita Mishra', 'arihant', '', '1'),
(586, 'GE', 'GATE 2016 Solved Paper 2000-2015', '', 'GKP\'s', '', '1'),
(587, 'GE', 'GATE Tutor 2017', 'Er.Shanti Kirupani, Prachi Jain and Amrita Mishra', 'arihant', '', '1'),
(588, 'GE', 'Quantitative Aptitude for the CAT', 'Arun Sharma', 'McGrawHill', '', '1'),
(589, 'DB', 'Foundation Program(Relational Database Management System and Operating System)', 'Campus Connect', 'Infosys', '', '1'),
(590, 'SE', 'Foundation Program (Design and Analysis of Algorithm, Software Engineering and Introduction to Web Technology)', 'Campus Connect', 'Infosys', '', '1'),
(591, 'OS', 'Foundation Program( Introduction to Computer System, Operating System Concepts , Programming and Testing)', 'Campus Connect', 'Infosys', '', '1'),
(592, 'GE', '101 speed tests GATE', '', 'disha', '', '1'),
(593, 'GE', '101 speed tests GATE', '', 'disha', '', '1'),
(594, 'CS', 'UGC NET/SET Computer Science & Applications', 'Authentic and Dependable', 'TRUEMAN\'s', '', '1'),
(595, 'GE', 'GATE 2018 CS&IT 26 years Chapter Wise', '', 'GKP\'s', '', '1'),
(596, 'GE', 'GATE 2018 Computer Science &IT ', '', '', '2017', '1'),
(597, 'GE', 'Q & A VII Semester B.E.(CSE)', '', 'SELVA Publication', '', '1'),
(598, 'JV', 'Core Java -Volume II-Advanced Features', 'Cay S.Horstmann, Gary Cornell', 'PEARSON', '', '1'),
(599, 'JV', 'Java Web Service Architecture', 'James McGovern, Sameer Tyagi, Michael Stevens, Sunil Mathew', 'Morgan Kaufmann', '', '1'),
(600, 'WB', 'Universial Design for WEB Application', 'Wendy Chisholm, Matt May', 'O\'REILLY', '', '1'),
(601, 'WB', 'Programming the Semantic Web', 'Toby Segaran, Colin Evans & Jamie Taylir', 'O\'REILLY', '', '1'),
(602, 'WB', 'Semantic Web Services, Processes & Application', 'Jorge cardeso & Amit P.Sheth', 'Springer', '', '1'),
(603, 'PP', 'SEMANTICS a course book', 'James R.Hurford, Brendan Heasley, and Michael B.Smith', 'CAMBRIDGE', '', '1'),
(604, 'WB', 'Semantic Web Technologies', 'John Davies, Rudi Studer, Paul Warren', 'WILEY-INDIA', '2012', '1'),
(605, 'WB', 'Information Sharing on the Semantic Web', 'Heiner Stuckenschmidt, Frank Van Harmelen', 'Springer', '2010', '1'),
(606, 'WB', 'Progressive Concepts for Semantics Web Evolution - Application and Development', 'Miltiadis Lytras & Amit Sheth', 'INFORMATION SCIENCE REFERENCE', '2010', '1'),
(607, 'WB', 'Programming the World Wide Web', 'Addison - Wesley', 'Addison Wesley', '2010', '1'),
(608, 'AD', 'Professional Android 2 Application Development', 'Reto Meier', 'Elsever', '', '1'),
(609, 'WB', 'Web Application Architecture: Principles, Protocols and Practice', 'Leon Shklar and Rich Rosen', 'Wiley', '', '1'),
(610, 'WB', 'Web Technologies', 'Uttam K.Roy', '', '', '1'),
(611, 'PP', 'Semantics with Applications', 'Hanne rus Nielson Flemming Nielson', 'Springer', '', '1'),
(612, 'GC', 'Senantic Grid', 'Zhaohui wu huajien, Chen', 'Springer', '', '1'),
(613, 'OT', 'Ontological Engineering', 'Gomez-Perez, Fernandez_Lopez', 'Springer', '', '1'),
(614, 'WB', 'Web Technology - Theory and Practices', 'M.Srinivasan', 'Pearson', '', '1'),
(615, 'WB', 'Semantic Web - concepts, Technologies and Applications', 'Karin K.Breitman', 'Springer', '2013', '1'),
(616, 'PP', 'The Complete Reference Struts ', 'James Holmes', 'Tata McGRAW-HILL', '2011', '1'),
(617, 'WB', 'Web Technologies A Computer Science Perspective ', 'Jeffrey C.Jackson ', 'PEARSON', '2014', '1'),
(618, 'CC', 'Mastering Cloud Computing', 'Rajkumar Buyya, Christian Vecchiola, S.Thamarai Selvi', 'McGraw Hill ', '', '1'),
(619, 'CC', 'Cloud Computing Bible  ', 'Barrie Sosinsky', 'WILEY', '', '0'),
(620, 'WB', 'Understanding SOA with Web Services', 'Eric Newcomer, Greg Lomow', 'PEARSON', '', '1'),
(621, 'CC', 'Cloud Security - A comprehensive guide to secure cloud computing', 'Ronald L.Krutz and Russell Dean Vines', 'WILEY', '', '1'),
(622, 'CC', 'CLOUD COMPUTING - Principles and Paradigms', 'Rajkumar Buyya, James Broberg, Andrzej Goscinski', 'WILEY', '', '1'),
(623, 'MS', 'Cloud Computing - with Windows Azure Platform', 'Roger Jennings', 'WILEY', '', '1'),
(624, 'SC', 'Securing the Virtual Environment - How to Defend the Enterprise Against Attack', 'Davi Ottenheimer, Matthew Wallace', 'WILEY', '', '1'),
(625, 'CC', 'CLOUD COMPUTING - Insight into new Era Infrastructure', 'Dr.Kumar Saurabh', 'WILEY', '', '1'),
(626, 'GC', 'A Networking Approach - to GRID COMPUING', 'Deniel Minoli', 'WILEY', '', '1'),
(627, 'CC', 'Cloud Security and Privacy- An Enterprise Perspective on Riskd and Compliance', 'Tim Mather, Subra Kumaraswamy, Shahed Latif', 'O\'REILLY', '2011', '1'),
(628, 'MS', 'Cloud Computing - with the Window Azure Platform', 'Roger Jennings', 'WILEY-INDIA', '2011', '1'),
(629, 'CC', 'Cloud Application Architectures - Building Applications and Infracture in the Cloud', 'George Reese', 'O\'REILLY', '2011', '1'),
(630, 'CC', 'Code in the Cloud - Programming Google App Engine', 'Mark C.Chu-Carroll', 'Shroff Publishers & Distributors PVT. LTD.', '2011', '1'),
(631, 'CC', 'Cloud Computing - Principles, Systems and Applications', 'Nick Antonopoulos, Lee Gillam, ', 'Springer', '2012', '1'),
(632, 'GC', 'GRID COMPUTING - Techniques and Applications', 'Barry Wilkinson', 'CRC Press', '2010', '1'),
(633, 'GC', 'Desktop Grid Computing', 'Christophe Cerin, Gilles Fedak', 'CRC Press', '2012', '1'),
(634, 'CS', 'Virtual Machines', 'James E Smith & Ravi Nair', 'Elsever', '2005', '0'),
(635, 'CS', 'Virtualization: From the Desktop to the Enterprise ', 'Chris Wolf, Erick M.Halter', 'Apress', '2005', '1'),
(636, 'CC', 'Cloud Computing, Implementation Management & Strategy', 'John Ritting Louse James Ransons', 'CRC Press', '', '0'),
(637, 'CC', 'Distributed and Cloud Computing', 'Hwang', 'Wiley', '', '1'),
(638, 'MS', 'Microsoft Application virtualization advanced Guide', 'Alvarez', 'PACT', '', '1'),
(639, 'CS', 'Virtualization Security: Protecting Virtualized Environments', 'Dave Shackleford', 'Wiley', '', '1'),
(640, 'GC', 'The GRID CORE TECHNOLOGIES', 'Maozhen li mark baker', 'Wiley', '', '1'),
(641, 'MS', 'ADVANCED SERVER VIRTUALIZATION-Vmware and Microsoft Platform in the Virtual Data Center', 'David Marshall, Wade A.Reynolds, Dave Mc Crory', 'Auerbach Publication', '2006', '1'),
(642, 'CC', 'Cloud Application Architectures-Building Applications and Infracture in the Cloud', 'George Reese', 'O\'Reilly', '2013', '1'),
(643, 'CN', 'SDN- Software Defined Networks', 'Thomas D.Nadeau & Ken Gray', 'O\'Reilly', '', '1'),
(644, 'CC', 'Mastering Cloud Computing', 'Rajkumar Buyya, Christian Vecchiola, S.Thamarai Selvi', 'McGraw Hill ', '2013', '1'),
(645, 'CC', 'Mastering Cloud Computing', 'Rajkumar Buyya, Christian Vecchiola, S.Thamarai Selvi', 'McGraw Hill ', '2013', '1'),
(646, 'CC', 'Mastering Cloud Computing', 'Rajkumar Buyya, Christian Vecchiola, S.Thamarai Selvi', 'McGraw Hill ', '2013', '1'),
(647, 'CC', 'Mastering Cloud Computing', 'Rajkumar Buyya, Christian Vecchiola, S.Thamarai Selvi', 'McGraw Hill ', '2013', '1'),
(648, 'CC', 'Mastering Cloud Computing', 'Rajkumar Buyya, Christian Vecchiola, S.Thamarai Selvi', 'McGraw Hill ', '2013', '1'),
(649, 'CC', 'Distributed and Cloud Computing-from parallel processing to the IOT', 'Kai Hwang, Geoffrey C.Fox, Jack J.Dongarra', 'Morgan Kaufmann', '2014', '1'),
(650, 'CC', 'Cloud Computing - Data Intensive Computing and Scheduling', 'Frederic Magoules, Jie Pan and Fei Teng', 'CRC Press', '2013', '1'),
(651, 'CC', 'opennebula 3 cloud computing', 'Giovanni Toraldo', '', '', '1'),
(652, 'CS', 'virtualization Essentials', 'Matthew Portnoy', '', '', '1'),
(653, 'GC', 'GRID RESOURCE MANAGEMENT ', 'Magoules Neguyen and Yu', 'CRC Press', '2009', '1'),
(654, 'CC', 'Distributed and Cloud Computing from Parallel Processing to the Inernet of Things', 'Kai Hwang, Geoffrey C.Fox, Jack J.Dongarra', 'Morgan Kaufmann', '', '1'),
(655, 'CC', 'Cloud Computing A Pratical Approach', 'AnthonyT.Velte, Toby J.Velte and Robert ElsenPeter', 'McGraw Hill ', '', '0'),
(656, 'CC', 'Cloud Computing – A Practical Approach', 'AnthonyT.Velte, Toby J.Velte and Robert ElsenPeter', 'McGraw Hill ', '', '1'),
(657, 'IO', 'The Internet  of Things key Applications and Protocols', 'Oliver Hersent, David Boswarthick and Omar Elloumi', 'Wiley', ' ', '1'),
(658, 'SD', 'Service-Oriented Architecture Concepts,Technology,And Design ', 'Thomas Erl', 'PEARSON', '2014', '0'),
(659, 'CC', 'Distributed and Cloud Computing from parallel processing to the IoT', 'Kai Hwang, Geoffery C.Fox and Jack J.Dongarra', 'Margan Kaufmann', '2012', '1'),
(660, 'CC', 'CLOUD COMPUTING web-Based Applications That Change the way you work and Collaborate online', 'Michael Miller', 'Pearson', '2014', '0'),
(661, 'CC', 'Moving to The Cloud developing app in the new world of cloud computing', 'Dinkar Sitaram and Geetha Manjunathh', '', '', '1'),
(662, 'CC', 'Cloud Computing For Dummies ', 'Judith Hurwitz,Robin Bloor,Marcia Kaufman,Fern Halper', 'Wiley', '2015', '1'),
(663, 'CC', 'Cloud Computing A Practical Approach', 'AnthonyT.Velte,Toby J.Velte,Robert Elsenpeter', 'McGraw Hill ', '2015', '0'),
(664, 'CC', 'Cloud Computing Principles And Paradigms', 'Rajkumar Buyya,James Broberg,Andrzej Goscinski', 'Wiley', '2015', '1'),
(665, 'BD', 'Understanding Big Data - Analytics for Enterprise Class Hadoop and Streaming Data', 'Chris Eaton, Tom Deutsch, Drick Deroos, George Lapis, Paul ZikoPoulas', 'McGraw Hill ', '', '1'),
(666, 'BD', 'Hadoop - The definitive Guide', 'Tom White', 'O\'Reilly', '', '1'),
(667, 'BD', 'Hadoop - The definitive Guide', 'Tom White', 'O\'Reilly', '', '1'),
(668, 'WB', 'Universal Design', 'Wendy Chisholm & Matt May', 'O\'Reilly', '', '1'),
(669, 'BD', 'Hadoop - The definitive Guide', 'Tom White', 'O\'Reilly', '', '1'),
(670, 'BD', 'Big Data, Big Analysis Emerging Business intelligence & Analytic', 'Micheal Minelli, Michelle Chambers', 'Wiley', '', '1'),
(671, 'BD', 'Big Data for Dummies', 'Judith Hurwitz, Alen Nugent, Fern Halper and Marcia Kaufman', 'Wiley', '', '1'),
(672, 'BD', 'Hadoop MapReduce Cookbook', 'Srinath Perera, Thilina Gunarathne', 'SPD', '', '1'),
(673, 'BD', 'Taming The BIG DATA Tidal Wave- Finding Opportunities in Huge Data Streams', 'Bill Franks', 'Wiley', '', '1'),
(674, 'BD', 'Fast Data Processing with Spark', 'Holden Karau', 'SPD', '', '1'),
(675, 'OT', 'Harnessing Hibernate', 'James Elliott, Tim O\'Brien & Ryan Fowler', 'O\'Reilly', '', '1'),
(676, 'RT', 'Srorm Real-time Processing Cookbook', 'Quinton Anderson', 'SPD', '2014', '1'),
(677, 'BD', 'Big Data Glossary', 'Pete Warden', 'O\'Reilly', '2014', '1'),
(678, 'PP', 'Learning Storm', 'Ankit Jain, Anand Nalya', 'SPD', '2015', '1'),
(679, 'RT', 'REAL-TIME ANALYTICS- Technique to analysis and visualize streaming data', 'Byron Ellis', 'Wiley', '2014', '1'),
(680, 'BD', 'BIG DATA ANALYTICS BEYOND HADOOP', 'VIJAY SRINIVAS AGNEESWARAN', 'PEARSON', '2015', '1'),
(681, 'DM', 'social media mininng and social network analysis', 'Guandong Xu & Lin Li', 'Information science', '', '1'),
(682, 'BD', 'Apache Hadoop Yarn', 'Arun C.Murthy', 'PEARSON', '', '1'),
(683, 'OT', 'Mahout in action', 'Sean owen ,robin anil,ted dunning', 'MANNING', '', '1'),
(684, 'BD', 'Hadoop - The definitive Guide', 'Tom White', 'O\'Reilly', '2014', '1'),
(685, 'AI', 'Doing Data Science', 'Rachel Schutt, Cathy O\'Neil', 'O\'Reilly', '2014', '1'),
(686, 'BD', 'Hadoop in ACTION', 'Chuck Lam', 'dreamtech', '2014', '1'),
(687, 'BD', 'Data Analytics', 'Rdha Shankarmani, M.Vijalakshmi', 'Wiley', '2016', '1'),
(688, 'PY', 'Python for Data Analysis', 'Wes McKinney', 'O\'Reilly', '', '1'),
(689, 'BD', 'Taming The BIG DATA Tidal Wave- Finding Opportunities in Huge Data Streams', 'Bill Franks', 'Wiley', '2015', '1'),
(690, 'BD', 'Data Analytics', 'Rdha Shankarmani, M.Vijalakshmi', 'Wiley', '2016', '1'),
(691, 'AC', 'Randomized Algorithms', 'Rajeev Mofwani and Prabhakar Raghavan', 'Cambridge University Press', '', '1'),
(692, 'AC', 'Computer Algorithms/C++', 'Ellis Horowitz, Sartaj Sahni, Sanguthevar Rajasekaran', 'Universities Press', '', '1'),
(693, 'WB', 'Professional C# 2005 with .NET 3.0', 'Christian Nagel, Bill Evjen, Jay Glynn, Karli Watson, Morgan Skinner', 'WILEY', '', '1'),
(694, 'DS', 'Fundamentals of DATA STRUCTURES IN C++', 'Ellis Horowitz, Sartaj Sahni,Dinesh Mehta', 'GALGOTIA', '', '1'),
(695, 'AC', 'Fundamental of Computer Algorithms', 'Ellis Horowitz', 'UP', '', '1'),
(696, 'AC', 'Fundamental of Computer Algorithms', 'Ellis Horowitz', 'UP', '', '1'),
(697, 'AC', 'Fundamental of Computer Algorithms', 'Ellis Horowitz', 'UP', '', '1'),
(698, 'AC', 'Introduction to Algorithms', 'Thomas H.Cormen, Charles E.Leiserson', 'PHI', '', '1'),
(699, 'DS', 'Data Structures and Algorithms Made Easy', 'Narasimha Karumanchi', '', '', '0'),
(700, 'AC', 'Introduction to Algorithms', 'Thomas H.Cormen, Charles E.Leiserson', 'PHI', '', '1'),
(701, 'DS', 'Data Structures and Program Design using C', 'Amiya kumar Rath and Alok kumar Jagadev', 'SCITECH', '', '1'),
(702, 'DS', 'Data Structures and Program Design using C and C++', 'Amiya kumar Rath and Alok kumar Jagadev', 'SCITECH', '', '1'),
(703, 'DS', 'Data Structures And Algorithms Analysis in C', 'Mark Allen Weiss', 'PEARSON', '', '1'),
(704, 'DS', 'Data Structures A Pseudocoe Approach with C++', 'Richard F.Gillberg,Behrouz A.Forouzan', 'THOMSON', '', '1'),
(705, 'DS', 'Data Structures, Algorithms, and Applications in C++', 'Sartaj Sahni', 'McGrawHill', '', '1'),
(706, 'GE', 'GRAPH THEORY with Applications to engineering and Computer Science', 'Narsingh Deo', 'PHI', '', '0'),
(707, 'MA', 'Discrete Mathematical Structures with Application to Computer Science', 'J.P.Trembley & R.Manohar', 'Tata McGraw Hill', '', '1'),
(708, 'GE', 'Graph Theory: With Applications to Engineering & Computer Science', 'Narsingh Deo', 'Prentice Hall', '2003', '1'),
(709, 'MA', 'Discrete & Combinational Mathematics: An Applied Introduction', 'Grimaldi R.P.', 'Addison Wesley', '1994', '1'),
(710, 'OT', 'Numerical Methods for Engineers and Scientists', 'Joe D.Hoffman', 'CRC', '', '0'),
(711, 'QC', 'Nano, Quantum and Molecular Computing - Implications to High Level Design and Validation', 'Sandeep K.Shukla', 'Springer', '', '1'),
(712, 'MA', 'Discrete Mathematical Structures with Application to Computer Science', 'J.P.Trembley & R.Manohar', 'Tata McGraw Hill', '', '1'),
(713, 'GE', 'Discrete Mathematics and its Applications with Combinatorics and Graph Theory', 'Kenneth H Rosen', 'McGrawHill', '', '1'),
(714, 'IT', 'Quantum Computation and Quantum Information', 'Michael A.Nielsen and Issac L.Chuang', 'Cambridge', '', '0'),
(715, 'SE', 'SOFTWARE ENGINEERING - principles and Practice', 'Waman S Jawadekar', 'McGraw-Hill', '2010', '1'),
(716, 'SE', 'Testing Techniques in Software Engineering', 'Paulo Borba, Ana Cavalcanti, Augusto Sampaio, Jim Woodcock', 'Springer', '2010', '0'),
(717, 'ST', 'Software Testing Techniques', 'Boris Beizer', 'dreamtech ', '2011', '0'),
(718, 'ST', 'Effective Methods for Software Testing', 'William E.Perry', 'WILEY-INDIA', '', '0'),
(719, 'SE', 'Essentials of Software Engineering', 'S.Thangasamy', 'WILEY-INDIA', '2012', '0'),
(720, 'ST', 'Software Testing ', 'Yogesh Singh', 'CAMBRIDGE', '2012', '0'),
(721, 'ST', 'SOFTWARE TESTING - A Craftman\'s Approach', 'Paul C.Jorgensen', 'Auerbach Publications', '', '1'),
(722, 'SE', 'A Concise Introduction to Software Engineering', 'Pankaj Jalote', 'Springer', '2011', '1'),
(723, 'ST', 'Pratical software Testing', 'llene Bwastein ', 'Springer', '2013', '0'),
(724, 'ST', 'Software Testing Principles and Practices', 'Srinivasan Desikan, Gopalaswamy Ramesh', 'PEARSON', '2012', '0'),
(725, 'SE', 'Agile Software Engineering', 'Orit Hazzan, Yael Dubinsky', 'Springer', '2014', '1'),
(726, 'SE', 'Software Engineering', 'Chandramouli Subramanian, Saikat Dutt, Chandramouli Seetharaman, B.G.Geetha', 'PEARSON', '2015', '1'),
(727, 'SE', 'Software Engineering - A Practitioner\'s Approach', 'Roger S.Pressman', 'McGraw-Hill', '2005', '1'),
(728, 'ST', 'Software Quality Theory and Managemant', 'Alan C Gillies', 'CENGAGE Learning', '', '1'),
(729, 'SD', 'e-Learning - Design, Development and Delivery', 'Madhuri Dubey', 'Universities Press', '2011', '1'),
(730, 'OO', 'Object Oriented Software Engineering using UML, patterns & Java', 'Bernd Bruegge, Allen H.Dutoit', 'Pearson', '', '1'),
(731, 'CP', 'C++ How to Program', 'Deitel & Deitel', 'Prentice Hall', '2008', '1'),
(732, 'CP', 'The Complete Reference in C++', 'Herbert Schildt', 'Tata Mc Hill', '', '0'),
(733, 'OO', 'Object Oriented Programming in C++', 'Robert Lafore', 'Pearson', '', '1'),
(734, 'WB', 'Professional C# 2005 with .NET 3.0', 'Christian Nagel', 'Wiley', '', '1'),
(735, 'OO', 'Object Oriented Software Engineering using UML, patterns & Java', 'Bernd Bruegge, Allen H.Dutoit', 'Pearson', '', '1'),
(736, 'SD', 'Essentials of IBM Rational Software Architect v7.0 ', 'Student Guide', 'IBM', '', '1'),
(737, 'SD', 'Essentials of IBM Rational Software Architect v7.0 ', 'Student Guide', 'IBM', '', '1'),
(738, 'SD', 'Essentials of IBM Rational Software Architect v7.0 ', 'Student Guide', 'IBM', '', '1'),
(739, 'SD', 'Essential of Visual Modeling with UML 2.0', 'Student Guide', 'IBM', '', '1'),
(740, 'SD', 'Essential of Visual Modeling with UML 2.0', 'Student Guide', 'IBM', '', '1'),
(741, 'SD', 'Essential of Visual Modeling with UML 2.0', 'Student Guide', 'IBM', '', '1'),
(742, 'JV', 'Programming with JAVA', 'E.Balagurusamy', 'McGrawHill', '', '1'),
(743, 'JV', 'Programming with JAVA', 'E.Balagurusamy', 'McGrawHill', '', '1'),
(744, 'JV', 'Programming with JAVA', 'E.Balagurusamy', 'McGrawHill', '', '1'),
(745, 'JV', 'Programming with JAVA', 'E.Balagurusamy', 'McGrawHill', '', '1'),
(746, 'JV', 'Programming with JAVA', 'E.Balagurusamy', 'McGrawHill', '', '1'),
(747, 'OO', 'Object Oriented Programming with C++', 'E.Balagurusamy', 'McGrawHill', '', '1'),
(748, 'SD', 'Essentials of IBM Rational Software Architect v7.0 ', 'Student Guide', 'IBM', '', '1'),
(749, 'SD', 'Essentials of IBM Rational Software Architect v7.0 ', 'Student Guide', 'IBM', '', '1'),
(750, 'OO', 'DEV475 Mastering Object Oriented Analysis & Design with UML 2.0 Vol-1', 'Manual', 'IBM', '', '1'),
(751, 'OT', 'REQ370 Essentials of Rational Requiste pro', 'Student Guide', 'IBM', '', '1'),
(752, 'MS', 'SCM275 Essentials of Rational clear case UCM for Windows v7.0', 'Student Guide', 'IBM', '', '1'),
(753, 'OT', 'Fundamentals of Rational Rose  ', 'Student Guide', 'IBM', '', '1'),
(754, 'WB', 'DEV395 Essentials of Rational Application Developer for Websphere software', 'Manual', 'IBM', '', '1'),
(755, 'SD', 'TST277 Essential of functional testing with IBM Rational Robot', 'Manual', 'IBM', '', '1'),
(756, 'SD', 'DEV275 Essential of Visual Modeling with UML 2.0', 'Student Guide', 'IBM', '', '1'),
(757, 'SD', 'DEV275 Essential of Visual Modeling with UML 2.0', 'Student Guide', 'IBM', '', '1'),
(758, 'SD', 'DEV275 Essential of Visual Modeling with UML 2.0', 'Student Guide', 'IBM', '', '1'),
(759, 'SD', 'DEV275 Essential of Visual Modeling with UML 2.0', 'Student Guide', 'IBM', '', '1'),
(760, 'SD', 'Essentials of IBM Rational Software Architect v7.0 ', 'Student Guide', 'IBM', '', '1'),
(761, 'SD', 'Essentials of IBM Rational Software Architect v7.0 ', 'Student Guide', 'IBM', '', '1'),
(762, 'SD', 'Essentials of IBM Rational Software Architect v7.0 ', 'Student Guide', 'IBM', '', '1'),
(763, 'SD', 'Essentials of IBM Rational Software Architect v7.0 ', 'Student Guide', 'IBM', '', '1'),
(764, 'SD', 'Essentials of IBM Rational Software Architect v7.0 ', 'Student Guide', 'IBM', '', '1'),
(765, 'SD', 'DEV275 Essential of Visual Modeling with UML 2.0', 'Student Guide', 'IBM', '', '1'),
(766, 'SD', 'DEV275 Essential of Visual Modeling with UML 2.0', 'Student Guide', 'IBM', '', '1'),
(767, 'SD', 'DEV275 Essential of Visual Modeling with UML 2.0', 'Student Guide', 'IBM', '', '1'),
(768, 'OO', 'DEV475 Mastering Object Oriented Analysis & Design with UML 2.0 Vol-1', 'Student Guide', 'IBM', '', '1'),
(769, 'OO', 'Object Oriented Programming with C++', 'E.Balagurusamy', 'McGrawHill', '', '1'),
(770, 'OO', 'Object-Oriented Programming Using C++', 'Ira Pohl', 'Pearson', '', '0'),
(771, 'JV', 'The Complete Reference JAVA', 'Herbert Schildt', 'McGrawHill', '', '1'),
(772, 'PP', 'Programming in Prolog', 'William F.Clocksin, Christopher S.Mellish', 'Springer', '', '1'),
(773, 'CE', 'Basic Computer Engineering', 'Sanjay Silakari, Rajesh K. Shukla ', 'Wiley', '', '1'),
(774, 'CE', 'Basic Computer Engineering', 'Sanjay Silakari, Rajesh K. Shukla ', 'Wiley', '', '1'),
(775, 'PP', 'programming Language', 'Allen b.Tucker robert E.Noonan', 'McGrawHill', '', '1'),
(776, 'PC', 'parallel programming in openmp', 'Rohit chandra,Leonardo Dagum', 'MORGAN KAUFMANN', '', '1'),
(777, 'PY', 'Python for Data Analysis', 'Wes McKinney', 'O\'Reilly', '2014', '1'),
(778, 'CS', 'Computer Primer ', 'Dharma Rajaraman and V.Rajaraman', 'PHI', '', '1'),
(779, 'CS', 'Computer Science with FAQs', 'S.Manikandan', 'Premier', '', '1'),
(780, 'MS', 'Working MICROSOFT OFFICE', 'Ron Mansfield', 'Tata McGRAW-HILL', '', '1'),
(781, 'OR', 'ORACLE VISUAL BASIC Handbook', '', 'SSI Press', '', '1'),
(782, 'CP', 'The C Programming Language', 'Brian W.Kernighan,Dennis M.Ritchie', 'PHI', '', '1'),
(783, 'PP', 'MATLAB Programming For Engineers', 'Stephen J.Chapman', 'CENGAGE Learning', '', '1'),
(784, 'OT', 'SPSS', 'A.Rajathi,P.Chandran', 'mjppublishers', '', '1'),
(785, 'PY', 'Python For Data Science For Dummies', 'John Paul Mueller,Luca Massaron', 'Wiley', '2015', '1'),
(786, 'DD', 'Fundamentals of Logic Design', 'Charles H.Roth', 'Jaico Publication', '', '1'),
(787, 'OT', 'Fault Tolerant System', 'Koren', 'Elsever', '', '1'),
(788, 'EC', 'Electronic Devices & Circuit', 'David A.Bell', 'OXFORD', '', '1'),
(789, 'EC', 'Electronic Digitial System', 'Dale Patrick, Stephen Farots', 'Special Indian Wucation', '', '1'),
(790, 'CS', 'Microcomputer  System', 'Yu-Cheng liu, ', 'PHI', '', '1'),
(791, 'MP', 'Advance Microprocessor ', 'KM Bhurchardi, AK Ray', 'McGraw Hill', '', '1'),
(792, 'MP', 'Microprocessor Architecture', 'Ramesh Gaonkar', 'Penram Publication', '', '0'),
(793, 'DD', 'Digital Principle and Applications', '                             Donald P Leach, Albert Paul Malvino and Goutham Saha', 'McGraw Hill ', '', '1'),
(794, 'ES', 'EMBEDDED SYSTEM', 'Jack Ganssle', 'Elsever', '2010', '1'),
(795, 'DD', 'Digital Design with an Introduction to the Verilog HDL', 'M.Morris Mano, Michael D.Ciletti', 'Pearson', '', '1'),
(796, 'DD', 'Digital Design ', 'M.Morris Mano, Michael D.Ciletti', 'Pearson', '', '1'),
(797, 'MP', 'Microprocessor Architecture, Programming, and Applications with the 8085', '', 'Penram Publication', '2013`', '1'),
(798, 'CA', 'Computer Architecture A Quantitative Approach', 'John L.Hennessy, David A.Patterson', 'Morgan Kaufmann', '2012', '1'),
(799, 'ES', 'EMBEDDED MULTIPROCESSOR SCHEDULING AND SYNCHRONIZATION', 'Sundarajan Sriram Shuvra S. Bhattacharyya', 'crc Press', '', '1'),
(800, 'DD', 'Digitial Principles and System Design', 'P.Kannan and M.Saraswathi', 'Sree Kamalamani Publications', '', '1'),
(801, 'ES', 'The 8051 Microcontroller and Embedded Systems using Assembly and C', 'Muhammad Ali Mazidi, Janice Gillispie Mazidi and Rolin D.McKinlay', 'Pearson', '', '1'),
(802, 'MP', 'Microprocessor and Peripherals', 'S.P.Chowdhury and Sunetra Chowdhury', 'SCITECH', '', '1'),
(803, 'SD', 'IBM PC and CLONES Hardware, Troubleshooting and Maintenance', 'B.Govindarajalu', 'Tata McGRAWHILL', '', '1'),
(804, 'NL', 'Speech And Language Processing', 'Daniel Jurafsky,James H.Martin', 'PEARSON', '', '1'),
(805, 'DI', 'Digital Image Processing ', 'Rafael C.Gonzalez,Richard E.Woods', 'PEARSON', '', '0'),
(806, 'KE', 'Knowledge Management-Concepts and Best Practices', 'Kai Mertins, Peter Heisig, Jens Vorbeck', 'Springer', '', '1'),
(807, 'OT', 'Six Sigma Manual for small and Medium Businesses', 'Craig W.Baird', 'yesdee', '2011', '1'),
(808, 'KE', 'An Introduction to Knowledge Engineering', 'Simon Kendal Malcolm Creen', 'Springer', '2009', '1'),
(809, 'MG', 'Total Quality Management', 'Dale H. Besterfield, Mary Besterfield-Sacre, Carol Besterfield-Michna', 'Pearson', '', '1'),
(810, 'AD', 'Android Hacker\'s Handbook', 'Joshua J.Drake, Pau Oliva For a, Zach Lanier', 'O\'Reilly', '2014', '1'),
(811, 'AD', 'Android Hacker\'s Handbook', 'Joshua J.Drake, Pau Oliva For a, Zach Lanier', 'Wiley', '2014', '1'),
(812, 'AD', 'Android Application Development for Dummies', 'Michael Burton, Donn Felker', 'Wiley', '2014', '1'),
(813, 'AD', 'Android Application Development for Dummies', 'Michael Burton, Donn Felker', 'Wiley', '2014', '1'),
(814, 'AD', 'Android Cookbook', 'Ian F.Darwin', 'O\'Reilly', '2013', '1'),
(815, 'AD', 'Android Cookbook', 'Ian F.Darwin', 'O\'Reilly', '2013', '1'),
(816, 'AD', 'Sams Teach Yourself Android Application Development in 24 Hours', 'Carmen Delessio', '', '', '1'),
(817, 'OS', 'Advanced Concepts in OPERATING SYSTEMS - Distributed, Database and Multiprocessor operating Systems', 'Mukesh Singhal, Niranjan G.Shivaratri', 'Mc Graw Hill', '', '1'),
(818, 'OS', 'Advanced Concepts in OPERATING SYSTEMS - Distributed, Database and Multiprocessor operating Systems', 'Mukesh Singhal, Niranjan G.Shivaratri', 'Mc Graw Hill', '', '1'),
(819, 'OS', 'Advanced Concepts in OPERATING SYSTEMS - Distributed, Database and Multiprocessor operating Systems', 'Mukesh Singhal, Niranjan G.Shivaratri', 'Mc Graw Hill', '', '0'),
(820, 'OS', 'Mac OS X and iOS Internals to the Apple\'s Core', 'Jonathan Levin', 'WROX', '', '0'),
(821, 'OS', 'Mac OS X and iOS Internals to the Apple\'s Core', 'Jonathan Levin', 'WROX', '', '1'),
(822, 'RT', 'Real-Time Systems Theory and Practice', 'Rajib Mall', 'PEARSON', '2007', '0'),
(823, 'RT', 'Real-Time Systems Theory and Practice', 'Rajib Mall', 'PEARSON', '2007', '1'),
(824, 'RT', 'Real-Time Systems Theory and Practice', 'Rajib Mall', 'PEARSON', '2007', '1'),
(825, 'OS', 'Operating System Concepts', 'Abraham Silberschatz, Peter B.Galvin and Greg Gagne', 'Wiley', '', '0'),
(826, 'CN', 'SDN( Software Defined Networks)', 'Thomas D.Nadeau & Ken Gray', 'O\'REILLY', '2014', '1'),
(827, 'CN', 'Software Defined Networking with open flow', 'siamak Azodolmolky', 'PACKT', '', '1'),
(828, 'CN', 'Software Defined Networks', 'Paul Goransson and Chuck Black', 'MORGAN KAUFMANN', '', '1'),
(829, 'DI', 'Digital Image Processing For Medical Applications', 'Geoff Doughtery', 'Cambridge', '2015', '1'),
(830, 'CG', 'Computer Graphics - Principles and Practices In C - 2ND EDITION', 'James D. Foley, Andries van Dam, Stevan K. Feiner, F.Hughes John', 'Pearson', '2013', '1'),
(831, 'CC', 'Cloud Computing - Concepts, Technology and Architecture', 'Thomas Erl, Zaigham Mahmood, Ricardo Puttini', 'Pearson', '2017', '1'),
(832, 'CC', 'Cloud Computing - Concepts, Technology and Architecture', 'Thomas Erl, Zaigham Mahmood, Ricardo Puttini', 'Pearson', '2016', '1'),
(833, 'IO', 'Distributed and Cloud computing from parallel processing to the Internet of Things', 'Kai Hwang, Geoffrey C. Fox, Jck J. Dongarra', 'Elseivar', '2012', '1'),
(834, 'CO', 'Computer Organization and Design', 'David A. Patterson, John L. Hennessy', 'MORGAN ', '2012', '1'),
(835, 'DD', 'Digital Design with an introduction to the Verilog HDL', 'M. Morris Mano, Michael D. Ciletti', 'Pearson', '2017', '1'),
(836, 'CD', 'Compilers Principles, techniques and tools - 2nd Edition', 'Alfred V. Aho, Monica A. Lam, Ravi Sethi, Jeffrey D. Ullman', 'Pearson', '2017', '1'),
(837, 'ML', 'Building Machine Learning systems with python', 'Willi Richert, Luis Pedro Coelho', 'PACKT', '2013', '1'),
(838, 'ML', 'Introduction to Machine Learning with python', 'Andreas C. Muller and Sarah Guido', 'O\'REILLY', '2016', '1'),
(839, 'ML', 'Machine Learning with python', 'Abhishek Vijayvargia', 'BPB', '2018', '1'),
(840, 'SC', 'Neuro Fuzzy and Soft Computing', 'Jang, Sun, Mizutani', 'PHI', '', '1'),
(841, 'ML', 'Deep Learning with Keras', 'Antonio Gulli, Sujit Pal', 'Packt', '2017', '1'),
(842, 'ML', 'Introduction to Machine Learning with python', 'Andreas C. Muller and Sarah Guido', 'O\'REILLY', '2016', '1'),
(843, 'ML', 'Machine Learning ', 'Ryan Roberts', '', '2017', '1'),
(844, 'ML', 'Machine Learning with Tensor Flow 1.x', 'Quan Hua, Shams Ul Azeem, Saif Ahmed', 'PACKT', '2017', '1'),
(845, 'SE', 'Softwatre Engineering - A practitioner\'s Guide- 6th edition', 'Roger S. Pressman', 'Pressman', '2005', '1'),
(846, 'SE', 'Softwatre Engineering - A practitioner\'s Guide- 6th edition', 'Roger S. Pressman', 'Pressman', '2010', '1'),
(847, 'SP', 'Software Project Management A unified framework', 'Barry Boehm', 'Pearson', '2012', '1'),
(848, 'OT', 'Genome Analysis and Bio Informatics', 'T.R. Sharma', 'TR', '2013', '1'),
(849, 'OT', 'Genome Analysis and Bio Informatics', 'T.R. Sharma', 'TR', '2013', '1'),
(850, 'IO', 'The Internet of Things Key applications and protocols', 'Olivier Hersent, David Boswarthick, Omar Elloumi', 'Willey', '2016', '1'),
(851, 'CN', 'Software Define Networking with openflow', 'Siamak Azodolmolky', 'PACKT', '2013', '1'),
(852, 'CN', 'SDN', 'Thomas D. Nadeau and Ken Gray', 'O\'REILLY', '2018', '1'),
(853, 'CF', 'Guide to Computer Forensics and investigations - 4th Edition', 'Nelson, Philips, Steuart', 'CENAGE', '2015', '1'),
(854, 'WN', 'Principles of wireless networks - A unified approach', 'Kavesh Pahlavan, Prashant Krishnamurthy', 'Pearson', '2008', '1'),
(855, 'CN', 'Computer Networks - A TOP DOWN APPROACH - 6th edition', 'James F. Kurose, Keith W. Ross', 'Pearson', '2018', '1'),
(856, 'SY', 'Cryptography and network security - principles and practices - 7th edition', 'William Stallings', 'Pearson', '2018', '1'),
(857, 'CN', 'Computer Networks - A SYSTEMS APPROACH - 5th edition', 'Peterson, Davie', 'MK', '2014', '1'),
(858, 'CN', 'Computer Networks - A SYSTEMS APPROACH - 5th edition', 'Peterson, Davie', 'MK', '2014', '1'),
(859, 'CN', 'TCP IP protocol suite - 4th edition', 'Behrouz A. Forouzan', 'McGraw Hill', '2016', '1'),
(860, 'CN', 'Computer Networks - A SYSTEMS APPROACH - 5th edition', 'Peterson, Davie', 'MK', '2011', '1'),
(861, 'CN', 'Computer Networks', 'V.S. Bagad, I.A. Dhotre', 'Technical Publication', '2015', '1'),
(862, 'AC', 'Information Retreival Algorithms and Heuristics - 2nd edition', 'David A.Grossman, Ophir Frieder', 'Springer', '2009', '1'),
(863, 'DS', 'Data Structures and algorithm analysis in C - 2ND EDITION', 'Mark Allen Weiss', 'Pearson', '2017', '1'),
(864, 'AC', 'Fundamentals of Computer Algorithms - 2nd edition', 'Ellis Horrowitz, Sataj Sahni, Sanguthevar Rajasekaran', 'University Press', '2017', '1'),
(865, 'AC', 'Introduction to algorithms - 3rd edition', 'Thomas H. Cormen, Charles E. Leiserson, Ronald L. Rives, Clifford Stein', 'MIT PRESS', '2009', '0'),
(866, 'JV', 'Java - The Complete reference ', 'Herbert Schildt', 'McGraw Hill', '2013', '1'),
(867, 'PP', 'Programming Languages - principles and paradigms - 2nd edition', 'Allen B.Tucker, Robert E. Noonan', 'McGraw Hill', '2014', '1'),
(868, 'OR', 'Oracle forms Developers Handbook', 'Albert Lulushi', 'Pearson', '2003', '1'),
(869, 'PP', 'Fundamentals of computing and programming - 2nd edition', 'E. Balagurusamy', 'McGraw Hill', '2012', '1'),
(870, 'OO', 'Object oriented programming with C++', 'E. Balagurusamy', 'McGraw Hill', '2014', '1'),
(871, 'WB', 'The complete reference HTML &CSS - 5TH edition', 'Thomas A. Powell', 'McGraw Hill', '2010', '1'),
(872, 'PP', 'Learning Perl - 4th edition', 'Randal L. Schwartz, Tom Phonix, Brian d foy ', 'O\'REILLY', '2005', '1'),
(873, 'PP', 'Programming Languages - principles and paradigms - 2nd edition', 'Allen B.Tucker, Robert E. Noonan', 'McGraw Hill', '2014', '1'),
(874, 'OO', 'Object oriented programming with C++', 'E. Balagurusamy', 'McGraw Hill', '2009', '1'),
(875, 'PP', 'Fundamentals of computing and programming in C', 'Pradip Dey, Manas Ghosh', 'OXFORD', '2013', '1'),
(876, 'OS', 'Operating system concepts - 8th edition', 'Abraham Silberschatz, Peter B. Galvin, Greg Gagne', 'Wiley', '2013', '1'),
(877, 'OS', 'Operating system concepts - 9th edition', 'Abraham Silberschatz, Peter B. Galvin, Greg Gagne', 'Wiley', '2016', '1'),
(878, 'OS', 'Operating system concepts - 9th edition', 'Abraham Silberschatz, Peter B. Galvin, Greg Gagne', 'Wiley', '2016', '1'),
(879, 'NL', 'Multilingual Natural Language processing and applications', 'Daniel M. Bikel, Imed Zitouni', 'Pearson', '2013', '1'),
(880, 'DB', 'Database systems - 6th edition', 'Ramez Elmasri, Shamkant B. Navathe', 'Pearson', '2014', '0'),
(881, 'DW', 'Data Warehousing in real world', 'Sam Anahory, Dennis Murray', 'Pearson', '2015', '0'),
(882, 'DM', 'Data Mining concepts and techniques - 2nd edition', 'Jiawei Han and Micheline Kamber', 'Elseivar', '2010', '1'),
(883, 'BD', 'Big Data Black Book', 'Dream Tech editorial services', 'DT', '2017', '1'),
(884, 'DB', 'Database Management systems - 2nd edition', 'Raghu Ramakrishnan, Johannes Gehrke', 'McGraw Hill', '2000', '1'),
(885, 'BD', 'Big data and analytics', 'Seema Acharya, Subhashini Chellappan', 'Wiley', '2018', '1'),
(886, 'WN', 'Wireless Networking Complete', 'Zeng, Zhao, Tipper et. Al', 'Morgan Kaufman ', '2010', '1'),
(887, 'CC', 'Cloud Computing Design Patterns', 'Thomas Erl, Robert Cope and Amin Maserpour', 'Pearson', '', '1'),
(888, 'CN', 'Computer Networking Top Down Approach', 'James F. Kurose, Keith W. Ross', 'Pearson', '', '1'),
(889, 'SY', 'Cryptography and network security ', 'Behrouz A. Forouzan, Debdeep Mukhopadhyay', 'McGraw Hill', '', '1'),
(890, 'ML', 'Real World Machine Learning', 'Henrik Brink, Joseph W. Richards and Mark  Fetherolf', 'Dreamtech', '', '1'),
(891, 'CS', 'Computers as Components', 'Marilyn Wolf', 'Morgan Kaufman ', '', '1'),
(892, 'DM', 'Data warehousing Data Mining & OLAP', 'Alex Berson, Stephen J. Smith', 'McGraw Hill', '', '1'),
(893, 'ML', 'TensorFlow for Deep Learning', 'Bharat Ramsundar and Reza Bosagh Zadeh', 'O\'REILLY', '', '1'),
(894, 'BD', 'Bigdata Analytics', 'Parag Kulkarni, Sarang Joshi and Meta S. Brown', 'PHI Learning Private Limited', '', '1'),
(895, 'CC', 'Cloud Computing Concepts Technology and Architectures', 'Thomas Erl, Zaigham Mahmood, Ricardo Puttini', 'Pearson', '', '1'),
(896, 'CN', 'Computer Networking Top Down Approach', 'James F. Kurose, Keith W. Ross', 'Pearson', '', '1'),
(897, 'CD', 'Advanced Compiler Design Implementation', 'Steven Muchnick', '', '', '1'),
(898, 'CD', 'Advanced Compiler Design Implementation', 'Steven Muchnick', '', '', '1'),
(899, 'CD', 'Advanced Compiler Design Implementation', 'Steven Muchnick', '', '', '1'),
(900, 'SY', 'Applied Cryptography Protocols Algorithms and Source code in C', '', '', '', '1'),
(901, 'ML', 'Applied Deep Learning with Python', '', '', '', '1'),
(902, 'QC', 'Approaching Quantum Computing', 'Dan, Gabriela', '', '', '0'),
(903, 'PP', 'Beginning R: The statistical programming Language', '', '', '', '1'),
(904, 'CC', 'Cloud Security : A comprehensive guide to Secure cloud Computing', '', '', '', '1'),
(905, 'CA', 'Computer Architecture Quantitative Approach', '', '', '', '1'),
(906, 'CA', 'Computer Architecture Quantitative Approach', '', '', '', '1'),
(907, 'CA', 'Computer Architecture Quantitative Approach', '', '', '', '1'),
(908, 'DS', 'Data Structures and Algorithm Analysis in C', '', '', '', '1'),
(909, 'DS', 'Data Structures and Algorithm Analysis in C', '', '', '', '1'),
(910, 'DS', 'Data Structures and Algorithm Analysis in C', '', '', '', '1'),
(911, 'DS', 'Data Structures and Algorithm Analysis in C', '', '', '', '1'),
(912, 'DS', 'Data Structures and Algorithm Analysis in C', '', '', '', '1'),
(913, 'DB', 'Database System Concepts', '', '', '', '1'),
(914, 'DB', 'Database System Concepts', '', '', '', '1'),
(915, 'DB', 'Database System Concepts', '', '', '', '1'),
(916, 'DB', 'Database System Concepts', '', '', '', '1'),
(917, 'DB', 'Database System Concepts', '', '', '', '1'),
(918, 'ML', 'Deep Learning Essentials ', '', '', '', '1'),
(919, 'ML', 'Deeep Learning with Tensor Flow explore Neural Networks', '', '', '', '1'),
(920, 'ML', 'Deeep Learning with Tensor Flow explore Neural Networks', '', '', '', '1'),
(921, 'ML', 'Deeep Learning with Tensor Flow explore Neural Networks', '', '', '', '1'),
(922, 'IO', 'Designing the Internet of Things', '', '', '', '1'),
(923, 'DI', 'Digital Image Processing', '', '', '', '1'),
(924, 'DI', 'Digital Image Processing', '', '', '', '1'),
(925, 'DI', 'Digital Image Processing', '', '', '', '1'),
(926, 'DI', 'Digital Image Processing', '', '', '', '1'),
(927, 'DI', 'Digital Image Processing', '', '', '', '1'),
(928, 'PP', 'Domain Specific Languages in R Advanced Statistical Programming', '', '', '', '1'),
(929, 'PP', 'Domain Specific Languages in R Advanced Statistical Programming', '', '', '', '1'),
(930, 'GC', 'Grid Computing A research Monograph', '', '', '', '1'),
(931, 'GC', 'Grid Computing A research Monograph', '', '', '', '1'),
(932, 'AC', 'Introduction to Algorithms', '', '', '', '1'),
(933, 'AC', 'Introduction to Algorithms', '', '', '', '1'),
(934, 'AC', 'Introduction to Algorithms', '', '', '', '1'),
(935, 'NS', 'Learn Ethical Hacking from Scratch', '', '', '', '1'),
(936, 'BD', 'Learning Apache Spark', '', '', '', '1'),
(937, 'ML', 'TensorFlow Machine Learning Cook Book', '', '', '', '1'),
(938, 'ML', 'TensorFlow Machine Learning Cook Book', '', '', '', '1'),
(939, 'ML', 'TensorFlow Machine Learning Cook Book', '', '', '', '1'),
(940, 'WB', 'Web Programming & Internet Technologies', '', '', '', '1'),
(941, 'WB', 'Web Programming & Internet Technologies', '', '', '', '1'),
(942, 'AC', 'Algorithms', 'Berman, Paul', 'Cengage', '', '1'),
(943, 'AC', 'Algorithms', 'Berman, Paul', 'Cengage', '', '1'),
(944, 'DS', 'C++ Data Structures and Algorithms Learn How to write Efficient code and Scalable and Robust', 'Wisnu Anggoro', 'Packt', '', '1'),
(945, 'PY', 'Core Python Programming', 'R. Nageswara Rao', 'Dreamtech', '', '1'),
(946, 'IO', 'Internet of Things with Python', 'Gaston C. Hillar', 'Packt', '', '1'),
(947, 'DM', 'Machine Learning and Data Mining in Pattern Recognition', 'G. Goos, J. Hartmanis and van Leeuwen', 'Springer', '', '1'),
(948, 'IO', 'Practical Industrial Internet of Things Security', 'Sravani Bhattacharjee', 'Packt', '', '1'),
(949, 'SE', 'Software Engineering', 'Stephen Schach', 'SIE', '', '1'),
(950, 'DS', 'Fundamentals of Data Structures in C', 'Ellis Horowitz, Sartaj Sahni, Susan Anderson-Freed', 'Second Edition, University Press', '2008', '1'),
(951, 'DS', 'Fundamentals of Data Structures in C', 'Ellis Horowitz, Sartaj Sahni, Susan Anderson-Freed', 'Second Edition, University Press', '2008', '1'),
(952, 'AC', 'Fundamentals of  Algorithmics  ', 'Gilles Brassard, Paul Bratley, ', 'Prentice Hall,', '2010', '1'),
(953, 'AC', 'Fundamentals of  Algorithmics  ', 'Gilles Brassard, Paul Bratley, ', 'Prentice Hall,', '2010', '1'),
(954, 'AC', 'Computational Geometry   Algorithms and Applications', 'Mark de Berg, Otfried Cheong, Marc van Kreveld, Mark Overmars, ', '3rd Edition Springer', '2008', '1'),
(955, 'CD', 'Advanced Compiler Design and Implementation', 'Steven Muchnick,', 'Morgan Kaufman Publishers', '1997', '1'),
(956, 'CA', 'Computer Architecture – A Quantitative Approach', 'John L. Hennessey and David A. Patterson', '5th ed. Morgan Kaufmann / Elsevier', '2012', '1'),
(957, 'CA', 'Computer Architecture – A Quantitative Approach', 'John L. Hennessey and David A. Patterson', '5th ed. Morgan Kaufmann / Elsevier', '2012', '1'),
(958, 'CA', 'Computer Architecture – A Quantitative Approach', 'John L. Hennessey and David A. Patterson', '5th ed. Morgan Kaufmann / Elsevier', '2012', '1'),
(959, 'DD', 'Digital Design  ', 'M. Morris Mano and Michael D. Ciletti, ', 'V Edition, Pearson Education,', '2013', '0'),
(960, 'DD', 'Digital Design  ', 'M. Morris Mano and Michael D. Ciletti, ', 'V Edition, Pearson Education,', '2013', '1'),
(961, 'DD', 'Digital Design  ', 'M. Morris Mano and Michael D. Ciletti, ', 'V Edition, Pearson Education,', '2013', '1'),
(962, 'DD', 'Digital Design  ', 'M. Morris Mano and Michael D. Ciletti, ', 'V Edition, Pearson Education,', '2013', '1'),
(963, 'OS', 'Advanced Concepts in Operating Systems ', 'Mukesh Singhal and Niranjan G. Shivaratri, ', 'Tata McGraw-Hill  ', '2001', '1'),
(964, 'CA', 'Computer Architecture and Organization', 'J.S. Leena Jasmine, S. Lakshmi kantham', 'shree magnus publications', '2011', '1'),
(965, 'CN', 'High Speed Networks and Internets: Performance and Quality of Service', 'William Stallings', '2nd ed. Prentice Hall', '2002', '1'),
(966, 'CN', 'High Speed Networks and Internets: Performance and Quality of Service', 'William Stallings', '2nd ed. Prentice Hall', '2002', '1'),
(967, 'CN', 'High Speed Networks and Internets: Performance and Quality of Service', 'William Stallings', '2nd ed. Prentice Hall', '2002', '1'),
(968, 'ML', 'Pattern Recognition and Machine Learning ', 'Christopher Bishop,', 'Springer', '2007', '1'),
(969, 'DB', 'Database System Concepts', 'Abraham Silberschatz', '6th ed.  McGraw Hill', '2019', '1'),
(970, 'DM', 'Data Warehousing, Data Mining & OLAP ', ' Alex Berson, Stephen J. Smith', 'Mc Graw Hill ', '2019', '1'),
(971, 'DM', 'Data Mining Concepts and Techniques', 'Jiawei Han, MichelineKamber, Jian Pei, ', '3r ed. Morgan Kaufman ', '2012', '0'),
(972, 'DM', 'Data Mining Concepts and Techniques', 'Jiawei Han, MichelineKamber, Jian Pei, ', '3r ed. Morgan Kaufman ', '2012', '1'),
(973, 'DD', 'Fundamentals of Logic Design ', 'Charles H. Roth Jr,', '6th ed. Jaico Publishing House', '2013', '1'),
(974, 'DD', 'Fundamentals of Logic Design ', 'Charles H. Roth Jr,', '6th ed. Jaico Publishing House', '2013', '1'),
(975, 'DD', 'Fundamentals of Logic Design ', 'Charles H. Roth Jr,', '5th ed. Jaico Publishing House', '2010', '1'),
(976, 'DD', 'Fundamentals of Logic Design ', 'Charles H. Roth Jr,', '5th ed. Jaico Publishing House', '2010', '1'),
(977, 'DS', 'An Introduction to Data Structures with Applications  ', 'Jean-Paul Tremblay and Paul G Sorenson, ', '2nd ed. Tata McGraw Hill', '1991', '1'),
(978, 'DS', 'An Introduction to Data Structures with Applications  ', 'Jean-Paul Tremblay and Paul G Sorenson, ', '2nd ed. Tata McGraw Hill', '1991', '1'),
(979, 'DS', 'An Introduction to Data Structures with Applications  ', 'Jean-Paul Tremblay and Paul G Sorenson, ', '2nd ed. Tata McGraw Hill', '1991', '1'),
(980, 'AC', 'Fundamental of Computer Algorithms', 'Ellis Horowitz and Sartaj Sahni, ', '2nd ed. Galgotia,', '1985', '1'),
(981, 'AC', 'Fundamental of Computer Algorithms', 'Ellis Horowitz and Sartaj Sahni, ', '2nd ed. Galgotia,', '1985', '1'),
(982, 'EC', 'Electrical Machines ', 'J Nagarath and Kothari DP ', 'Tata McGraw Hill', '2010', '1'),
(983, 'EC', 'Electrical Machines ', 'J Nagarath and Kothari DP ', 'Tata McGraw Hill', '2010', '1'),
(984, 'EC', 'Electronic Circuit Analysis and Design 2010 ', 'Donald .A. Neamen, ', '3rd ed. Tata McGraw Hill, ', '2010', '1'),
(985, 'EC', 'Electronic Circuit Analysis and Design 2010 ', 'Donald .A. Neamen, ', '3rd ed. Tata McGraw Hill, ', '2010', '1'),
(986, 'SN', 'Wireless Sensor Networks Technology, Protocols, And Applications ', 'KazemSohraby, Daniel Minoli, &TaiebZnati', 'John Wiley, ', '2015', '1'),
(987, 'CN', 'Software Defined Networks an Authoritative Review of Network Programmability Technologies', 'Thomas Nadeau, Ken Gray', 'O\'Reilly Media', '2013', '1'),
(988, 'OT', 'Designing Storage Area Networks', 'Tom Clark', '1st ed. Addison-Wesley Professional', '1999', '1'),
(989, 'BC', 'Mastering Blockchain  ', 'Imran Bashir', '2nd ed.   Packt Publishing', '2018', '1'),
(990, 'BC', 'Mastering Bitcoin ', 'Andreas Antonopoulos, Satoshi Nakamoto', 'O’Reilly Publishing ', '2014', '1'),
(991, 'ML', 'Machine Learning  ', 'Tom M. Mitchel', 'Mc Graw Hill ', '2013', '1'),
(992, 'BC', 'Block Chain-From Concept to Execution   ', 'Debajani Mohanty', 'BPB Publications ', '2018', '1'),
(993, 'CN', 'Computer Networks ', 'Paterson, Davie', '5th ed. Morgan Kaufmann', '2011', '1'),
(994, 'WN', 'Wireless Networking Complete', 'Zeng, Zhao, Tipper et. Al', 'Morgan Kaufman ', '2010', '1'),
(995, 'WN', 'Advanced Wireless Networks 4G Technologies', 'Savo G Glisic', 'Wiley', '2006', '1'),
(996, 'WN', 'Protocols and Architectures for Wireless Sensor Nwtworks', 'Holger Karl,  Andreas Willig', 'Wiley', '2005', '1'),
(997, 'CF', 'A Practical Guide to Computer Forensics Investigations', 'Dr. Darren R. Hayes', 'Pearson', '', '1'),
(998, 'SY', 'Cryptography Theory and Practice', 'Douglas R. Stinson', 'CRC Press Indian Edition', '', '1'),
(999, 'SY', 'Cryptography Theory and Practice', 'Douglas R. Stinson', 'CRC Press Indian Edition', '', '1'),
(1000, 'SY', 'Cryptography Theory and Practice', 'Douglas R. Stinson', 'CRC Press Indian Edition', '', '1'),
(1001, 'SY', 'Cryptography Theory and Practice', 'Douglas R. Stinson', 'CRC Press Indian Edition', '', '1'),
(1002, 'OT', 'Foundation of Security What Every Programmer Need to Know', 'Neil Daswani, Christoph Kern and Anita Kesavan', 'Apress', '', '1'),
(1003, 'DS', 'Fundamentals of Data Structures', 'Horowitz', '', '', '1'),
(1004, 'IO', 'The Internet of Things - Key Applications and Protocols', 'Hersent', '', '', '1'),
(1005, 'IO', 'The Internet of Things    ', 'Miller', '', '', '1'),
(1006, 'IO', 'Internet of Things A hand on Approach', 'Bahga', '', '', '1'),
(1007, 'ML', 'Machine Learning', 'Mitchell', '', '', '1'),
(1008, 'DB', 'Fundamental of Database Systems', 'Elmasri', '', '', '0'),
(1009, 'IO', 'Internet of Things A hand on Approach', 'Bahga', '', '', '1'),
(1010, 'IO', 'Internet of Things A hand on Approach', 'Bahga', '', '', '1'),
(1011, 'IO', 'Internet of Things', 'Miller', '', '', '1'),
(1012, 'DB', 'Database System Concepts', 'Silberschatz', '', '', '1'),
(1013, 'DS', 'An introduction to Data Strucutres with Applications', 'Tremblay', '', '', '1'),
(1014, 'DB', 'An Introduction to Database Systems', 'Date', '', '', '1'),
(1015, 'TC', 'Introduction to Automata Theory Languages and Computations', 'Hopcroft', '', '', '1'),
(1016, 'PY', 'Think Phthon: How to Think like A Computer Scientist', 'Downey', '', '', '1'),
(1017, 'AC', 'Fundamentals of Computer Algorithms', 'Horowitz', '', '', '1'),
(1018, 'CC', 'Cloud Computing Concept, Technology & Architecture', 'Erl', '', '', '1'),
(1019, 'DS', 'Data Structures and Algorithm Analysis in  C', 'Weiss', '', '', '1'),
(1020, 'DS', 'Data Structures and Algorithm Analysis in  C++', 'Weiss', '', '', '1'),
(1021, 'DD', 'Digital Design', 'Morris Mono', '', '', '1'),
(1022, 'DD', 'Digital Principles and Design', 'Wakerly', '', '', '1'),
(1023, 'DD', 'Digital Principles and Design', 'Givone', '', '', '1'),
(1024, 'IO', 'IOT Fundamentals', 'Hanes', '', '', '1'),
(1025, 'IO', 'IOT Fundamentals', 'Hanes', '', '', '1'),
(1026, 'IO', 'IOT Fundamentals', 'Hanes', '', '', '1'),
(1027, 'WN', 'Fundamentals of Wimax', 'Jeffrey,Rias', '', '', '0'),
(1028, 'WN', 'Wimax Fundamentals', 'Steve', '', '', '0'),
(1029, 'WN', '3G Wireless Networks', 'Clint Smith,P.E', '', '', '0'),
(1030, 'CO', 'Computer Organisation', 'Carl Hamacher', 'McGraw Hill', '', '0'),
(1031, 'GC', 'Grid Computing', 'Ahmar Abbas', '', '', '0'),
(1032, 'AI', 'Artificial Intelligence', 'Rich & Knight', '', '', '0'),
(1033, 'DP', 'Digital Signal Processing', 'Proakis', '', '', '0'),
(1034, 'IT', 'Principles of Information Security', 'Michael Whitman', '', '', '0'),
(1035, 'SP', 'Software Project Management', 'Bob Hughes', '', '', '0'),
(1036, 'DW', 'Data Warehousing Fundamentals', 'Paulraj Ponniah', '', '', '0'),
(1037, 'AD', 'Android Wireless Application Development', 'Lauren Darcey', '', '', '0'),
(1061, 'ML', 'Machine learning', '', '', '', '1'),
(1062, 'IO', 'The Internet of Things-Key Applications and  Protocols', '', '', '', '1'),
(1063, 'IO', 'The Internet of Things', '', '', '', '1'),
(1064, 'IO', 'Internet of Things A hand on Approach', '', '', '', '1'),
(1065, 'DS', 'Fundamentals of Data Structures', '', '', '', '1'),
(1066, 'DS', 'Fundamentals of Data Structures', '', '', '', '1'),
(1067, 'DS', 'An Introduction to Data Structures with Applications', '', '', '', '1'),
(1068, 'DD', 'Digital Design', '', '', '', '1'),
(1069, 'DD', 'Digital Design Principle and Practices', '', '', '', '1'),
(1070, 'DD', 'Digital Principles and Designs', '', '', '', '1'),
(1071, 'DB', 'Database System Concepts', '', '', '', '1'),
(1072, 'DB', 'Database System Concepts', '', '', '', '1'),
(1073, 'DB', 'Fundamentals of Database Systems', '', '', '', '1'),
(1074, 'DB', 'Fundamentals of Database Systems', '', '', '', '1'),
(1075, 'DB', 'An Introduction to Database Systems', '', '', '', '1'),
(1076, 'TC', 'Introduction to Automata Theory Languages and Computations', '', '', '', '1'),
(1077, 'TC', 'Introduction to Automata Theory Languages and Computations', '', '', '', '1'),
(1078, 'PY', 'Think Python:How to Think like a Computer Scientist', '', '', '', '1'),
(1079, 'AC', 'Fundamentals of Computer Algorithms', '', '', '', '1'),
(1080, 'CC', 'Cloud Computing Concept,Technology & Architecture', '', '', '', '1'),
(1081, 'DS', 'Data Structures and Algorithm Analysis in C', '', '', '', '1'),
(1082, 'DS', 'Data Structures and Algorithm Analysis in C', '', '', '', '1'),
(1083, 'DS', 'Data Structures and Algorithm Analysis in C++', '', '', '', '1'),
(1084, 'DS', 'Data Structures and Algorithm Analysis in C++', '', '', '', '1'),
(1085, 'IO', 'Internet of Things A Hand on Approach', 'Bahga', 'Univ', '', '1'),
(1086, 'IO', 'IOT Fundamentals', 'Hanes', 'Cisco', '', '1'),
(1087, 'IO', 'IOT Fundamentals', 'Hanes', 'Cisco', '', '1'),
(1088, 'IO', 'IOT Fundamentals', 'Hanes', 'Cisco', '', '1'),
(1089, 'IO', 'IOT Fundamentals', 'Hanes', 'Cisco', '', '1'),
(1090, 'IO', 'IOT Fundamentals', 'Hanes', 'Cisco', '', '1'),
(1091, 'IO', 'IOT Fundamentals', 'Hanes', 'Cisco', '', '1'),
(1092, 'GE', 'GATE 2020:Computer Science and Engineering & Information Technology', 'G K', 'G K', '', '1'),
(1093, 'MG', 'Disaster Science Management', 'Bhattacharya', 'Tmh', '', '1'),
(1094, 'CO', 'COMPUTER ORGANISATION AND DESIGN 5/ED-THE HARDWARE/SOFTWARE INTERFACE', 'PATTERSON', '', '', '1'),
(1095, 'CO', 'COMPUTER ORGANISATION AND EMBEDDED SYSTEMS 6/ED', 'HAMACHER', '', '', '1'),
(1096, 'CO', 'COMPUTER ORGANISATION AND ARCHITECTURE 10ED', 'STALLINGS', '', '', '1'),
(1097, 'CA', 'COMPUTER ARCHITECTURE AND ORGANISATION 3ED', 'HAYES', '', '', '1'),
(1098, 'DB', 'DATABASE MANAGEMENT SYSTEMS 3ED', 'RAMAKRISHNAN', '', '', '1'),
(1099, 'DB', 'DATABASE SYSTEMS CONCEPTS 6/ED', 'SILBERSCHITZ', '', '', '1');
INSERT INTO `book` (`bID`, `cID`, `bName`, `bAuthor`, `bPublish`, `bYear`, `bCopy`) VALUES
(1100, 'DB', 'FUNDAMENTALS OF DATABASE SYSTEMS 7/ED', 'ELMASRI', '', '', '1'),
(1101, 'DB', 'AN INTRODUCTION TO DATABASE SYSTEMS,8ED', 'DATE/KANNA', '', '', '1'),
(1102, 'OS', 'MODERN OPERATING SYSTEM 4ED', 'TANENBAUM', '', '', '1'),
(1103, 'OS', 'OPERATING SYSTEMS:INTERNALS AND DESIGN PRINCIPLES 7ED', 'STALLINGS', '', '', '1'),
(1104, 'CD', 'COMPILER:PRINCIPLES,TECHNIQUES AND TOOLS', 'AHO', '', '', '1'),
(1105, 'CD', 'COMPILER DESIGN IN C', 'HOLUB', '', '', '1'),
(1123, 'OT', 'Test Book Complete Reference', 'Steve Smith', 'Test Inc', '2020', '0'),
(1125, 'DC', 'Wireless Digital Comm.', 'Feher', '', '', '1'),
(1127, 'GE', 'Sample Text Conference', 'Ellon musk, Bill Gates', 'Tesla Corp', '2020', '0'),
(1128, 'ML', 'Genetic Algorithms in search, Optimization and Machine Learning', 'David E.Goldberg', 'PEARSON', '', '1'),
(1131, 'OT', 'Sample Text conference', 'Ellon musk, Bill Gates', 'Tesla', '2020', '0'),
(1172, 'OT', 'Sample Book', 'Star Lord', 'Alibaba', '2019', '0');

-- --------------------------------------------------------

--
-- Table structure for table `bookcateg`
--

CREATE TABLE `bookcateg` (
  `cID` varchar(50) CHARACTER SET utf8mb4 COLLATE utf8mb4_general_ci NOT NULL,
  `cName` varchar(255) CHARACTER SET utf8mb4 COLLATE utf8mb4_general_ci NOT NULL
) ENGINE=InnoDB DEFAULT CHARSET=utf8mb4 COLLATE=utf8mb4_general_ci;

--
-- Dumping data for table `bookcateg`
--

INSERT INTO `bookcateg` (`cID`, `cName`) VALUES
('AC', 'Computer Algorithms'),
('AD', 'Android Programming'),
('AI', 'Artificial Intelligence'),
('BC', 'Blockchain Technology'),
('BD', 'Big Data Analytics'),
('CA', 'Computer Architecture'),
('CC', 'Cloud Computing'),
('CD', 'Compiler Design'),
('CE', 'Computer Engineering'),
('CF', 'Computer Forensics'),
('CG', 'Computer Graphics'),
('CN', 'Computer Networks'),
('CO', 'Computer Organization'),
('CP', 'C & C++ Programming'),
('CS', 'Computer Systems'),
('DB', 'Database Management Systems'),
('DC', 'Digital Communications'),
('DD', 'Digital Designing'),
('DI', 'Digital Image Processing'),
('DM', 'Data Mining'),
('DN', 'Data Communication and Networking'),
('DP', 'Digital Signal Processing'),
('DS', 'Data Structures'),
('DT', 'Distributed Systems'),
('DW', 'Data Warehousing'),
('EC', 'Electrical & Electronics'),
('ES', 'Embedded Systems'),
('GC', 'Grid Computing'),
('GE', 'General books & Gate Exam Books'),
('GT', 'Graph Theory'),
('IO', 'Internet of Things'),
('IT', 'Information Technology'),
('JV', 'Java Programming'),
('KE', 'Knowledge Engineering'),
('MA', 'Discrete Mathematics'),
('MC', 'Mobile Communications'),
('MG', 'Management Studies'),
('ML', 'Machine Learning'),
('MM', 'Multimedia'),
('MN', 'Mobile Networks'),
('MP', 'Microprocessor & Microcontrollers'),
('MS', 'Microsoft Org. Related'),
('NL', 'Natural Language Processing'),
('NS', 'Network Security'),
('NW', 'New Category'),
('OO', 'Object Oriented Programming'),
('OR', 'Oracle'),
('OS', 'Operating System'),
('OT', 'Other Category'),
('PC', 'Parallel Programming'),
('PP', 'Programming Paradigms'),
('PV', 'Pervasive Computing'),
('PY', 'Python Programming'),
('QC', 'Quantum Computing'),
('RT', 'Real Time Systems'),
('SC', 'Soft Computing'),
('SD', 'Software Designing'),
('SE', 'Software Engineering'),
('SN', 'Sensor Networks'),
('SP', 'Software Project Management'),
('ST', 'Software Testing'),
('SY', 'Security in Computing'),
('TC', 'Theory of Computation'),
('UX', 'Unix Programming'),
('WB', 'Web Technology'),
('WC', 'Wireless Communications'),
('WN', 'Wireless Networks');

-- --------------------------------------------------------

--
-- Table structure for table `booklist`
--

CREATE TABLE `booklist` (
  `ID` int NOT NULL,
  `bID` int NOT NULL,
  `timeIn` datetime NOT NULL,
  `timeOut` datetime NOT NULL
) ENGINE=InnoDB DEFAULT CHARSET=utf8mb4 COLLATE=utf8mb4_0900_ai_ci;

--
-- Dumping data for table `booklist`
--

INSERT INTO `booklist` (`ID`, `bID`, `timeIn`, `timeOut`) VALUES
(1, 1, '2020-03-20 17:59:09', '2021-07-23 11:08:45'),
(1, 256, '2020-03-20 17:50:27', '2020-09-20 17:50:27'),
(1, 370, '2020-03-23 19:21:36', '2020-09-24 17:44:20'),
(1, 404, '2020-03-20 17:51:01', '2020-09-20 17:51:01'),
(1, 437, '2020-03-20 17:51:55', '2020-09-20 17:51:55'),
(1, 513, '2020-03-20 17:56:42', '2020-09-20 17:56:42'),
(1, 660, '2020-03-20 17:58:02', '2020-09-20 17:58:02'),
(1, 663, '2020-03-20 17:58:52', '2020-09-20 17:58:52'),
(1, 732, '2020-03-20 17:54:07', '2021-07-23 12:41:06'),
(1, 770, '2020-03-20 17:56:10', '2020-09-20 17:56:10'),
(1, 865, '2020-03-20 17:53:31', '2020-09-20 17:53:31'),
(1, 1028, '2020-04-01 17:45:26', '2021-07-23 12:41:24'),
(1, 1029, '2020-03-20 17:49:14', '2020-09-20 17:49:14'),
(3, 88, '2020-03-20 17:19:08', '2020-09-20 17:19:08'),
(3, 153, '2020-03-20 17:21:30', '2020-09-20 17:21:30'),
(3, 280, '2020-03-20 17:09:21', '2020-09-20 17:09:21'),
(3, 340, '2020-03-20 17:17:49', '2020-09-20 17:17:49'),
(3, 342, '2020-03-20 17:13:08', '2020-09-20 17:13:08'),
(3, 472, '2020-03-20 17:12:46', '2020-03-18 17:12:46'),
(3, 478, '2020-03-20 17:10:52', '2020-09-20 17:10:52'),
(3, 497, '2020-03-20 17:16:27', '2020-09-20 17:16:27'),
(3, 501, '2020-03-20 17:18:53', '2020-09-20 17:18:53'),
(3, 511, '2020-03-20 17:19:35', '2020-09-20 17:19:35'),
(3, 519, '2020-03-20 17:20:12', '2020-09-20 17:20:12'),
(3, 699, '2020-03-20 17:14:24', '2020-09-20 17:14:24'),
(3, 706, '2020-03-20 17:12:07', '2020-09-20 17:12:07'),
(3, 714, '2020-03-20 17:10:16', '2020-09-20 17:10:16'),
(3, 805, '2020-03-20 17:08:22', '2020-09-20 17:08:22'),
(3, 902, '2020-03-20 17:04:19', '2020-09-20 17:04:19'),
(3, 1027, '2020-03-20 17:27:39', '2020-09-20 17:27:39'),
(4, 365, '2020-03-20 18:04:46', '2020-09-20 18:04:46'),
(4, 483, '2020-03-20 18:01:58', '2020-09-20 18:01:58'),
(4, 518, '2020-03-20 18:06:26', '2020-09-20 18:06:26'),
(4, 543, '2020-03-20 18:09:50', '2020-09-20 18:09:50'),
(4, 655, '2020-03-21 12:28:27', '2020-09-21 12:28:27'),
(4, 881, '2020-03-20 18:08:39', '2020-09-20 18:08:39'),
(4, 1008, '2020-03-20 18:03:24', '2020-09-20 18:03:24'),
(6, 230, '2020-03-20 18:27:56', '2020-09-20 18:27:56'),
(6, 237, '2020-03-20 18:14:25', '2020-09-20 18:14:25'),
(6, 255, '2020-03-20 20:30:05', '2020-09-20 20:30:05'),
(6, 267, '2020-03-20 20:32:19', '2020-09-20 20:32:19'),
(6, 500, '2020-03-20 18:26:19', '2020-09-20 18:26:19'),
(6, 516, '2020-03-20 18:26:49', '2020-09-20 18:26:49'),
(6, 521, '2020-03-20 18:25:45', '2020-09-20 18:25:45'),
(6, 550, '2020-03-20 18:27:10', '2020-09-20 18:27:10'),
(6, 619, '2020-03-20 20:32:54', '2020-09-20 20:32:54'),
(6, 658, '2020-03-20 20:37:12', '2020-09-20 20:37:12'),
(6, 716, '2020-03-21 12:25:23', '2020-09-21 12:25:23'),
(6, 719, '2020-03-20 20:26:43', '2020-09-20 20:26:43'),
(6, 720, '2020-03-20 20:29:39', '2020-09-20 20:29:39'),
(6, 1030, '2020-03-20 18:25:19', '2020-09-20 18:25:19'),
(6, 1031, '2020-03-20 20:36:37', '2020-09-20 20:36:37'),
(7, 344, '2020-03-23 22:15:37', '2020-09-23 22:15:37'),
(7, 527, '2020-08-27 15:32:58', '2020-12-27 15:32:58'),
(7, 535, '2020-03-20 18:12:45', '2020-09-20 18:12:45'),
(7, 537, '2020-03-20 18:11:46', '2020-09-20 18:11:46'),
(8, 21, '2020-03-21 09:13:55', '2020-09-21 09:13:55'),
(8, 179, '2020-03-21 09:23:04', '2020-09-21 09:23:04'),
(8, 225, '2020-03-21 09:25:43', '2020-09-21 09:25:43'),
(8, 273, '2020-03-21 09:27:00', '2020-09-21 09:27:00'),
(8, 380, '2020-03-21 09:26:39', '2020-09-21 09:26:39'),
(8, 426, '2020-03-21 09:13:04', '2020-09-21 09:13:04'),
(8, 432, '2020-03-21 09:13:41', '2020-09-21 09:13:41'),
(8, 449, '2020-03-21 09:14:41', '2020-09-21 09:14:41'),
(8, 455, '2020-03-21 09:24:47', '2020-09-21 09:24:47'),
(8, 456, '2020-03-21 09:23:34', '2020-09-21 09:23:34'),
(8, 494, '2020-03-21 09:29:43', '2020-09-21 09:29:43'),
(8, 544, '2020-03-21 09:25:20', '2020-09-21 09:25:20'),
(8, 792, '2020-03-21 09:22:04', '2020-09-21 09:22:04'),
(8, 1032, '2020-03-21 09:21:38', '2020-09-21 09:21:38'),
(8, 1033, '2020-03-21 09:29:25', '2020-09-21 09:29:25'),
(9, 57, '2020-03-21 10:27:31', '2020-09-21 10:27:31'),
(9, 59, '2020-03-21 10:27:41', '2020-09-21 10:27:41'),
(9, 183, '2020-03-21 10:39:17', '2020-09-21 10:39:17'),
(9, 246, '2020-03-21 12:01:10', '2020-09-21 12:01:10'),
(9, 264, '2020-03-21 12:04:15', '2020-09-21 12:04:15'),
(9, 366, '2020-03-21 10:28:36', '2020-09-21 10:28:36'),
(9, 377, '2020-03-21 10:26:48', '2020-09-21 10:26:48'),
(9, 401, '2020-03-21 10:39:00', '2020-09-21 10:39:00'),
(9, 411, '2020-03-21 10:32:36', '2020-09-21 10:32:36'),
(9, 413, '2020-03-21 11:48:18', '2020-09-21 11:48:18'),
(9, 420, '2020-03-21 11:04:21', '2020-09-21 11:04:21'),
(9, 421, '2020-03-21 11:03:26', '2020-09-21 11:03:26'),
(9, 422, '2020-03-21 10:39:38', '2020-09-21 10:39:38'),
(9, 427, '2020-03-21 11:05:02', '2020-09-21 11:05:02'),
(9, 429, '2020-03-21 10:40:27', '2020-09-21 10:40:27'),
(9, 434, '2020-03-21 12:03:56', '2020-09-21 12:03:56'),
(9, 440, '2020-03-21 11:42:23', '2020-09-21 11:42:23'),
(9, 444, '2020-03-21 11:52:53', '2020-09-21 11:52:53'),
(9, 445, '2020-03-21 11:38:55', '2020-09-21 11:38:55'),
(9, 446, '2020-03-21 11:50:53', '2020-09-21 11:50:53'),
(9, 459, '2020-03-21 11:49:40', '2020-09-21 11:49:40'),
(9, 463, '2020-03-21 11:07:24', '2020-09-21 11:07:24'),
(9, 469, '2020-03-21 10:58:39', '2020-09-21 10:58:39'),
(9, 717, '2020-03-21 10:42:13', '2020-09-21 10:42:13'),
(9, 718, '2020-03-21 12:04:30', '2020-09-21 12:04:30'),
(9, 723, '2020-03-21 10:41:42', '2020-09-21 10:41:42'),
(9, 724, '2020-03-21 11:02:11', '2020-09-21 11:02:11'),
(9, 819, '2020-03-21 12:02:16', '2020-09-21 12:02:16'),
(9, 820, '2020-03-21 11:59:46', '2020-09-21 11:59:46'),
(9, 822, '2020-03-21 11:57:51', '2020-09-21 11:57:51'),
(9, 825, '2020-03-21 12:03:19', '2020-09-21 12:03:19'),
(9, 1035, '2020-03-21 10:26:10', '2020-09-21 10:26:10'),
(9, 1036, '2020-03-21 10:32:20', '2020-09-21 10:32:20'),
(9, 1037, '2020-03-21 12:13:53', '2020-09-21 12:13:53'),
(10, 39, '2020-03-21 09:38:43', '2020-09-21 09:38:43'),
(10, 51, '2020-03-21 09:33:36', '2020-09-21 09:33:36'),
(10, 53, '2020-03-21 09:34:41', '2020-09-21 09:34:41'),
(10, 83, '2020-03-21 09:39:32', '2020-09-21 09:39:32'),
(10, 90, '2020-03-21 09:36:47', '2020-09-21 09:36:47'),
(10, 341, '2020-03-21 10:21:43', '2021-07-23 14:45:53'),
(10, 345, '2020-03-21 10:21:19', '2020-09-21 10:21:19'),
(10, 351, '2020-03-21 09:41:23', '2020-09-21 09:41:23'),
(10, 473, '2020-03-21 09:37:19', '2020-09-21 09:37:19'),
(10, 512, '2020-03-21 09:36:30', '2020-09-21 09:36:30'),
(10, 710, '2020-03-21 09:39:02', '2020-09-21 09:39:02'),
(10, 971, '2020-03-21 09:34:33', '2020-09-21 09:34:33'),
(10, 1034, '2020-03-21 10:20:54', '2020-09-21 10:20:54'),
(11, 41, '2020-03-21 12:23:13', '2020-09-21 12:23:13'),
(11, 43, '2020-03-21 12:24:10', '2020-09-21 12:24:10'),
(11, 78, '2020-03-21 12:21:44', '2020-09-21 12:21:44'),
(11, 435, '2020-03-21 12:19:50', '2020-09-21 12:19:50'),
(11, 557, '2020-03-21 12:22:15', '2020-09-21 12:22:15'),
(11, 565, '2020-03-21 12:20:15', '2020-09-21 12:20:15'),
(11, 880, '2020-03-21 12:24:02', '2020-09-21 12:24:02'),
(11, 959, '2020-03-21 12:20:43', '2020-09-21 12:20:43'),
(12, 141, '2020-03-24 06:45:25', '2020-09-24 06:45:25'),
(12, 368, '2020-03-21 12:17:03', '2020-09-21 12:17:03'),
(12, 634, '2020-03-21 12:17:56', '2020-09-21 12:17:56'),
(12, 636, '2020-03-21 12:17:34', '2020-09-21 12:17:34'),
(25, 212, '2020-08-29 14:42:40', '2021-07-23 22:27:06'),
(57, 1172, '2021-02-22 12:28:58', '2022-05-22 12:28:58'),
(58, 1127, '2021-02-06 18:29:32', '2022-05-06 18:29:32'),
(58, 1131, '2021-02-12 22:16:15', '2022-05-14 17:24:12');

-- --------------------------------------------------------

--
-- Table structure for table `config`
--

CREATE TABLE `config` (
  `config_id` int NOT NULL,
  `config_name` varchar(50) NOT NULL,
  `config_value` varchar(50) NOT NULL
) ENGINE=InnoDB DEFAULT CHARSET=utf8mb4 COLLATE=utf8mb4_0900_ai_ci;

--
-- Dumping data for table `config`
--

INSERT INTO `config` (`config_id`, `config_name`, `config_value`) VALUES
(1, 'Maximum_books', '10'),
(2, 'Maximum_month', '6'),
(3, 'Add_Book', '3'),
(4, 'Update_Book', '4'),
(5, 'Delete_Book', '5'),
(6, 'Add_Category', '6'),
(7, 'Update_Category', '7'),
(8, 'Delete_Category', '8'),
(9, 'Issue_Book', '9'),
(10, 'Renew_Book', '10'),
(11, 'Return_Book', '11');

-- --------------------------------------------------------

--
-- Table structure for table `logs`
--

CREATE TABLE `logs` (
  `logID` int NOT NULL,
  `sID` int NOT NULL,
  `type_ref` int NOT NULL,
  `content` longtext CHARACTER SET utf8mb4 COLLATE utf8mb4_bin NOT NULL,
  `logTime` datetime NOT NULL
) ENGINE=InnoDB DEFAULT CHARSET=utf8 COLLATE=utf8_unicode_ci;

--
-- Dumping data for table `logs`
--

INSERT INTO `logs` (`logID`, `sID`, `type_ref`, `content`, `logTime`) VALUES
(6, 0, 4, '{\"message\":\"Book has been updated\",\"title\":\"Sample Text Conference\",\"sub_title\":\"Ellon musk, Bill Gates\",\"id\":1127,\"categ\":\"GE\",\"count\":1}', '2021-02-11 18:10:38'),
(7, 0, 4, '{\"message\":\"Book has been updated\",\"title\":\"Sample Text Conference\",\"sub_title\":\"Ellon musk, Bill Gates\",\"id\":1161,\"categ\":\"GE\",\"count\":1}', '2021-02-11 18:11:33'),
(8, 0, 5, '{\"message\":\"Book has been deleted\",\"title\":\"Sample Text Conference\",\"sub_title\":\"Ellon musk, Bill Gates\",\"id\":1161,\"categ\":\"GE\",\"count\":1}', '2021-02-11 18:11:57'),
(9, 0, 3, '{\"message\":\"Book has been inserted\",\"title\":\"The Sample Joker\",\"sub_title\":\"Heath Ledger\",\"count\":\"1\"}', '2021-02-11 18:12:30'),
(10, 0, 4, '{\"message\":\"Book has been updated\",\"title\":\"The Sample Joker Movie\",\"sub_title\":\"Heath Ledger\",\"id\":1162,\"categ\":\"DN\",\"count\":1}', '2021-02-11 18:12:42'),
(11, 0, 5, '{\"message\":\"Book has been deleted\",\"title\":\"The Sample Joker Movie\",\"sub_title\":\"Heath Ledger\",\"id\":1162,\"categ\":\"DN\",\"count\":1}', '2021-02-11 18:12:45'),
(12, 0, 9, '{\"message\":\"Book has been issued to staff - Vignesh\",\"title\":\"Sample Text conference\",\"sub_title\":\"Ellon musk, Bill Gates\",\"id\":1131,\"categ\":\"OT\"}', '2021-02-11 18:32:35'),
(13, 0, 10, '{\"message\":\"Book has been renewed for staff - Vignesh\",\"title\":\"Sample Text conference\",\"sub_title\":\"Ellon musk, Bill Gates\",\"id\":1131,\"categ\":\"OT\"}', '2021-02-11 18:33:02'),
(14, 0, 11, '{\"message\":\"Book has been returned from staff - Vignesh\",\"title\":\"Sample Text conference\",\"sub_title\":\"Ellon musk, Bill Gates\",\"id\":1131,\"categ\":\"OT\"}', '2021-02-11 18:33:13'),
(15, 0, 9, '{\"message\":\"Book has been issued to staff - Vignesh\",\"title\":\"Sample Text conference\",\"sub_title\":\"Ellon musk, Bill Gates\",\"id\":1131,\"categ\":\"OT\"}', '2021-02-11 18:34:49'),
(16, 0, 10, '{\"message\":\"Book has been renewed for staff - Vignesh\",\"title\":\"Sample Text conference\",\"sub_title\":\"Ellon musk, Bill Gates\",\"id\":1131,\"categ\":\"OT\"}', '2021-02-11 18:35:11'),
(17, 0, 11, '{\"message\":\"Book has been returned from staff - Vignesh\",\"title\":\"Sample Text conference\",\"sub_title\":\"Ellon musk, Bill Gates\",\"id\":1131,\"categ\":\"OT\"}', '2021-02-11 18:35:13'),
(18, 0, 7, '{\"message\":\"Book Category has been updated\",\"title\":\"Other Categories\",\"categ\":\"OT\"}', '2021-02-11 18:36:06'),
(19, 0, 9, '{\"message\":\"Book has been issued to staff - Test\",\"title\":\"Sample Text conference\",\"sub_title\":\"Ellon musk, Bill Gates\",\"id\":1131,\"categ\":\"OT\"}', '2021-02-11 19:34:57'),
(20, 0, 10, '{\"message\":\"Book has been renewed for staff - Test\",\"title\":\"Sample Text conference\",\"sub_title\":\"Ellon musk, Bill Gates\",\"id\":1131,\"categ\":\"OT\"}', '2021-02-11 19:35:46'),
(21, 0, 11, '{\"message\":\"Book has been returned from staff - Test\",\"title\":\"Sample Text conference\",\"sub_title\":\"Ellon musk, Bill Gates\",\"id\":1131,\"categ\":\"OT\"}', '2021-02-11 19:35:49'),
(22, 0, 4, '{\"message\":\"Book has been updated\",\"title\":\"Sample Text Conference\",\"sub_title\":\"Ellon musk, Bill Gates\",\"id\":1127,\"categ\":\"GE\",\"count\":1}', '2021-02-11 19:36:34'),
(23, 0, 5, '{\"message\":\"Book has been deleted\",\"title\":\"Sample Text Conference\",\"sub_title\":\"Ellon musk, Bill Gates\",\"id\":1163,\"categ\":\"GE\",\"count\":1}', '2021-02-11 19:40:27'),
(24, 0, 4, '{\"message\":\"Book has been updated\",\"title\":\"Sample Text Conference\",\"sub_title\":\"Ellon musk, Bill Gates\",\"id\":1127,\"categ\":\"GE\",\"count\":1}', '2021-02-11 19:40:38'),
(25, 0, 5, '{\"message\":\"Book has been deleted\",\"title\":\"Sample Text Conference\",\"sub_title\":\"Ellon musk, Bill Gates\",\"id\":1164,\"categ\":\"GE\",\"count\":1}', '2021-02-11 19:54:27'),
(26, 0, 3, '{\"message\":\"Book has been inserted\",\"title\":\"Sample Text Conference\",\"sub_title\":\"Ellon musk, Bill Gates\",\"count\":\"1\"}', '2021-02-11 19:54:42'),
(27, 0, 4, '{\"message\":\"Book has been updated\",\"title\":\"Sample Text Conference\",\"sub_title\":\"Ellon musk, Bill Gates\",\"id\":1127,\"categ\":\"GE\",\"count\":1}', '2021-02-11 19:54:43'),
(28, 0, 5, '{\"message\":\"Book has been deleted\",\"title\":\"Sample Text Conference\",\"sub_title\":\"Ellon musk, Bill Gates\",\"id\":1165,\"categ\":\"GE\",\"count\":1}', '2021-02-11 19:55:35'),
(29, 0, 3, '{\"message\":\"Book has been inserted\",\"title\":\"Sample Text Conference\",\"sub_title\":\"Ellon musk, Bill Gates\",\"count\":\"1\"}', '2021-02-11 19:55:42'),
(30, 0, 4, '{\"message\":\"Book has been updated\",\"title\":\"Sample Text Conference\",\"sub_title\":\"Ellon musk, Bill Gates\",\"id\":1127,\"categ\":\"GE\",\"count\":1}', '2021-02-11 19:55:42'),
(31, 0, 5, '{\"message\":\"Book has been deleted\",\"title\":\"Sample Text Conference\",\"sub_title\":\"Ellon musk, Bill Gates\",\"id\":1166,\"categ\":\"GE\",\"count\":1}', '2021-02-11 19:56:13'),
(32, 0, 3, '{\"message\":\"Book has been inserted\",\"title\":\"Sample Book\",\"sub_title\":\"Samuel\",\"count\":\"1\"}', '2021-02-11 20:02:07'),
(33, 0, 4, '{\"message\":\"Book has been updated\",\"title\":\"Sample Book\",\"sub_title\":\"Samuel\",\"id\":1167,\"categ\":\"DT\",\"count\":1}', '2021-02-11 20:02:27'),
(34, 0, 5, '{\"message\":\"Book has been deleted\",\"title\":\"Sample Book\",\"sub_title\":\"Samuel\",\"id\":1167,\"categ\":\"DT\",\"count\":1}', '2021-02-11 20:02:42'),
(35, 0, 7, '{\"message\":\"Book Category has been updated\",\"title\":\"Other Category\",\"categ\":\"OT\"}', '2021-02-11 20:03:14'),
(36, 58, 9, '{\"message\":\"Book has been issued to staff - Test\",\"title\":\"Sample Text conference\",\"sub_title\":\"Ellon musk, Bill Gates\",\"id\":1131,\"categ\":\"OT\"}', '2021-02-12 22:16:15'),
(37, 58, 9, '{\"message\":\"Book has been issued to staff - Test\",\"title\":\"Advanced Concepts in Operating Systems \",\"sub_title\":\"Mukesh Singhal and Niranjan G. Shivaratri, \",\"id\":963,\"categ\":\"OS\"}', '2021-02-13 22:29:29'),
(38, 0, 3, '{\"message\":\"Book has been inserted\",\"title\":\"Sample\",\"sub_title\":\"Sample\",\"count\":\"1\"}', '2021-02-13 22:42:47'),
(39, 0, 3, '{\"message\":\"Book has been inserted\",\"title\":\"Sample\",\"sub_title\":\"Sample\",\"count\":\"1\",\"categ\":\"BD\"}', '2021-02-13 22:46:00'),
(40, 0, 5, '{\"message\":\"Book has been deleted\",\"title\":\"Sample\",\"sub_title\":\"Sample\",\"id\":1169,\"categ\":\"BD\",\"count\":1}', '2021-02-13 22:48:05'),
(41, 0, 5, '{\"message\":\"Book has been deleted\",\"title\":\"Sample\",\"sub_title\":\"Sample\",\"id\":1168,\"categ\":\"DS\",\"count\":1}', '2021-02-13 22:48:08'),
(42, 0, 3, '{\"message\":\"Book has been inserted\",\"title\":\"Sample\",\"sub_title\":\"Tenet horday\",\"count\":\"1\",\"categ\":\"DS\"}', '2021-02-13 22:48:38'),
(43, 0, 5, '{\"message\":\"Book has been deleted\",\"title\":\"Sample\",\"sub_title\":\"Tenet horday\",\"id\":1170,\"categ\":\"DS\",\"count\":1}', '2021-02-13 22:49:06'),
(44, 0, 3, '{\"message\":\"Book has been inserted\",\"title\":\"Sample\",\"sub_title\":\"Sample\",\"count\":\"1\",\"categ\":\"BC\"}', '2021-02-13 22:49:24'),
(45, 0, 5, '{\"message\":\"Book has been deleted\",\"title\":\"Sample\",\"sub_title\":\"Sample\",\"id\":1171,\"categ\":\"BC\",\"count\":1}', '2021-02-13 22:49:37'),
(46, 0, 3, '{\"message\":\"Book has been inserted\",\"title\":\"Sample Book with InsertID\",\"sub_title\":\"Author name goes here\",\"count\":\"1\",\"categ\":\"BC\",\"id\":1172}', '2021-02-13 22:50:07'),
(47, 58, 9, '{\"message\":\"Book has been issued to staff - Test\",\"title\":\"Sample Book with InsertID\",\"sub_title\":\"Author name goes here\",\"id\":1172,\"categ\":\"BC\"}', '2021-02-14 14:01:39'),
(48, 58, 11, '{\"message\":\"Book has been returned from staff - Test\",\"title\":\"Sample Book with InsertID\",\"sub_title\":\"Author name goes here\",\"id\":1172,\"categ\":\"BC\"}', '2021-02-14 14:22:55'),
(49, 58, 9, '{\"message\":\"Book has been issued to staff - Test\",\"title\":\"Sample Book with InsertID\",\"sub_title\":\"Author name goes here\",\"id\":1172,\"categ\":\"BC\"}', '2021-02-14 14:23:09'),
(50, 58, 11, '{\"message\":\"Book has been returned from staff - Test\",\"title\":\"Sample Book with InsertID\",\"sub_title\":\"Author name goes here\",\"id\":1172,\"categ\":\"BC\"}', '2021-02-14 16:22:23'),
(51, 58, 9, '{\"message\":\"Book has been issued to staff - Test\",\"title\":\"Sample Book with InsertID\",\"sub_title\":\"Author name goes here\",\"id\":1172,\"categ\":\"BC\"}', '2021-02-14 16:22:34'),
(52, 58, 9, '{\"message\":\"Book has been issued to staff - Test\",\"title\":\"Java Developers Reference\",\"sub_title\":\"Dan Joshi\",\"id\":134,\"categ\":\"JV\"}', '2021-02-14 16:22:50'),
(53, 58, 9, '{\"message\":\"Book has been issued to staff - Test\",\"title\":\"JAVA OS Operating System\",\"sub_title\":\"Tan Saulpauh\",\"id\":144,\"categ\":\"JV\"}', '2021-02-14 16:23:07'),
(54, 58, 11, '{\"message\":\"Book has been returned from staff - Test\",\"title\":\"JAVA OS Operating System\",\"sub_title\":\"Tan Saulpauh\",\"id\":144,\"categ\":\"JV\"}', '2021-02-14 16:23:32'),
(55, 58, 11, '{\"message\":\"Book has been returned from staff - Test\",\"title\":\"Java Developers Reference\",\"sub_title\":\"Dan Joshi\",\"id\":134,\"categ\":\"JV\"}', '2021-02-14 16:23:34'),
(56, 58, 11, '{\"message\":\"Book has been returned from staff - Test\",\"title\":\"Sample Book with InsertID\",\"sub_title\":\"Author name goes here\",\"id\":1172,\"categ\":\"BC\"}', '2021-02-14 16:23:37'),
(57, 58, 9, '{\"message\":\"Book has been issued to staff - Test\",\"title\":\"Sample Book with InsertID\",\"sub_title\":\"Author name goes here\",\"id\":1172,\"categ\":\"BC\"}', '2021-02-14 16:23:57'),
(58, 58, 9, '{\"message\":\"Book has been issued to staff - Test\",\"title\":\"Advanced Concepts in OPERATING SYSTEMS - Distributed, Database and Multiprocessor operating Systems\",\"sub_title\":\"Mukesh Singhal, Niranjan G.Shivaratri\",\"id\":817,\"categ\":\"OS\"}', '2021-02-14 16:24:20'),
(59, 58, 11, '{\"message\":\"Book has been returned from staff - Test\",\"title\":\"Advanced Concepts in OPERATING SYSTEMS - Distributed, Database and Multiprocessor operating Systems\",\"sub_title\":\"Mukesh Singhal, Niranjan G.Shivaratri\",\"id\":817,\"categ\":\"OS\"}', '2021-02-14 16:25:19'),
(60, 58, 11, '{\"message\":\"Book has been returned from staff - Test\",\"title\":\"Sample Book with InsertID\",\"sub_title\":\"Author name goes here\",\"id\":1172,\"categ\":\"BC\"}', '2021-02-14 16:25:21'),
(61, 58, 9, '{\"message\":\"Book has been issued to staff - Test\",\"title\":\"Sample Book with InsertID\",\"sub_title\":\"Author name goes here\",\"id\":1172,\"categ\":\"BC\"}', '2021-02-14 16:26:18'),
(62, 58, 11, '{\"message\":\"Book has been returned from staff - Test\",\"title\":\"Sample Book with InsertID\",\"sub_title\":\"Author name goes here\",\"id\":1172,\"categ\":\"BC\"}', '2021-02-14 16:27:01'),
(63, 58, 9, '{\"message\":\"Book has been issued to staff - Test\",\"title\":\"Sample Book with InsertID\",\"sub_title\":\"Author name goes here\",\"id\":1172,\"categ\":\"BC\"}', '2021-02-14 16:27:14'),
(64, 58, 9, '{\"message\":\"Book has been issued to staff - Test\",\"title\":\"JAVA OS Operating System\",\"sub_title\":\"Tan Saulpauh\",\"id\":144,\"categ\":\"JV\"}', '2021-02-14 16:27:35'),
(65, 58, 9, '{\"message\":\"Book has been issued to staff - Test\",\"title\":\"MODERN OPERATING SYSTEM 4ED\",\"sub_title\":\"TANENBAUM\",\"id\":1102,\"categ\":\"OS\"}', '2021-02-14 16:27:45'),
(66, 58, 11, '{\"message\":\"Book has been returned from staff - Test\",\"title\":\"MODERN OPERATING SYSTEM 4ED\",\"sub_title\":\"TANENBAUM\",\"id\":1102,\"categ\":\"OS\"}', '2021-02-14 16:30:09'),
(67, 58, 11, '{\"message\":\"Book has been returned from staff - Test\",\"title\":\"JAVA OS Operating System\",\"sub_title\":\"Tan Saulpauh\",\"id\":144,\"categ\":\"JV\"}', '2021-02-14 16:30:11'),
(68, 58, 11, '{\"message\":\"Book has been returned from staff - Test\",\"title\":\"Sample Book with InsertID\",\"sub_title\":\"Author name goes here\",\"id\":1172,\"categ\":\"BC\"}', '2021-02-14 16:30:13'),
(69, 58, 11, '{\"message\":\"Book has been returned from staff - Test\",\"title\":\"Advanced Concepts in Operating Systems \",\"sub_title\":\"Mukesh Singhal and Niranjan G. Shivaratri, \",\"id\":963,\"categ\":\"OS\"}', '2021-02-14 16:30:16'),
(70, 58, 9, '{\"message\":\"Book has been issued to staff - Test\",\"title\":\"Sample Book with InsertID\",\"sub_title\":\"Author name goes here\",\"id\":1172,\"categ\":\"BC\"}', '2021-02-14 16:30:32'),
(71, 58, 9, '{\"message\":\"Book has been issued to staff - Test\",\"title\":\"JAVA OS Operating System\",\"sub_title\":\"Tan Saulpauh\",\"id\":144,\"categ\":\"JV\"}', '2021-02-14 16:30:52'),
(72, 58, 9, '{\"message\":\"Book has been issued to staff - Test\",\"title\":\"Operating System\",\"sub_title\":\"W.Stallings\",\"id\":241,\"categ\":\"OS\"}', '2021-02-14 16:31:05'),
(73, 58, 9, '{\"message\":\"Book has been issued to staff - Test\",\"title\":\"Operating system concepts - 8th edition\",\"sub_title\":\"Abraham Silberschatz, Peter B. Galvin, Greg Gagne\",\"id\":876,\"categ\":\"OS\"}', '2021-02-14 16:31:13'),
(74, 58, 9, '{\"message\":\"Book has been issued to staff - Test\",\"title\":\"Operating Systems-Internals and Design Princiloes\",\"sub_title\":\"William Stallings\",\"id\":522,\"categ\":\"OS\"}', '2021-02-14 16:31:21'),
(75, 58, 11, '{\"message\":\"Book has been returned from staff - Test\",\"title\":\"Operating Systems-Internals and Design Princiloes\",\"sub_title\":\"William Stallings\",\"id\":522,\"categ\":\"OS\"}', '2021-02-14 16:32:06'),
(76, 58, 11, '{\"message\":\"Book has been returned from staff - Test\",\"title\":\"Operating system concepts - 8th edition\",\"sub_title\":\"Abraham Silberschatz, Peter B. Galvin, Greg Gagne\",\"id\":876,\"categ\":\"OS\"}', '2021-02-14 16:32:07'),
(77, 58, 11, '{\"message\":\"Book has been returned from staff - Test\",\"title\":\"Operating System\",\"sub_title\":\"W.Stallings\",\"id\":241,\"categ\":\"OS\"}', '2021-02-14 16:32:09'),
(78, 58, 11, '{\"message\":\"Book has been returned from staff - Test\",\"title\":\"JAVA OS Operating System\",\"sub_title\":\"Tan Saulpauh\",\"id\":144,\"categ\":\"JV\"}', '2021-02-14 16:32:11'),
(79, 58, 11, '{\"message\":\"Book has been returned from staff - Test\",\"title\":\"Sample Book with InsertID\",\"sub_title\":\"Author name goes here\",\"id\":1172,\"categ\":\"BC\"}', '2021-02-14 16:32:13'),
(80, 58, 9, '{\"message\":\"Book has been issued to staff - Test\",\"title\":\"Sample Book with InsertID\",\"sub_title\":\"Author name goes here\",\"id\":1172,\"categ\":\"BC\"}', '2021-02-14 16:40:18'),
(81, 58, 9, '{\"message\":\"Book has been issued to staff - Test\",\"title\":\"JAVA OS Operating System\",\"sub_title\":\"Tan Saulpauh\",\"id\":144,\"categ\":\"JV\"}', '2021-02-14 16:40:32'),
(82, 58, 9, '{\"message\":\"Book has been issued to staff - Test\",\"title\":\"Distributed Operating Systems & Algorithms\",\"sub_title\":\"Randy chow\",\"id\":231,\"categ\":\"OS\"}', '2021-02-14 16:40:43'),
(83, 58, 11, '{\"message\":\"Book has been returned from staff - Test\",\"title\":\"Distributed Operating Systems & Algorithms\",\"sub_title\":\"Randy chow\",\"id\":231,\"categ\":\"OS\"}', '2021-02-14 16:46:36'),
(84, 58, 11, '{\"message\":\"Book has been returned from staff - Test\",\"title\":\"JAVA OS Operating System\",\"sub_title\":\"Tan Saulpauh\",\"id\":144,\"categ\":\"JV\"}', '2021-02-14 16:55:22'),
(85, 58, 11, '{\"message\":\"Book has been returned from staff - Test\",\"title\":\"Sample Book with InsertID\",\"sub_title\":\"Author name goes here\",\"id\":1172,\"categ\":\"BC\"}', '2021-02-14 16:55:23'),
(86, 58, 9, '{\"message\":\"Book has been issued to staff - Test\",\"title\":\"Sample Book with InsertID\",\"sub_title\":\"Author name goes here\",\"id\":1172,\"categ\":\"BC\"}', '2021-02-14 17:14:40'),
(87, 58, 11, '{\"message\":\"Book has been returned from staff - Test\",\"title\":\"Sample Book with InsertID\",\"sub_title\":\"Author name goes here\",\"id\":1172,\"categ\":\"BC\"}', '2021-02-14 17:15:31'),
(88, 58, 9, '{\"message\":\"Book has been issued to staff - Test\",\"title\":\"Sample Book with InsertID\",\"sub_title\":\"Author name goes here\",\"id\":1172,\"categ\":\"BC\"}', '2021-02-14 17:16:56'),
(89, 58, 9, '{\"message\":\"Book has been issued to staff - Test\",\"title\":\"JAVA OS Operating System\",\"sub_title\":\"Tan Saulpauh\",\"id\":144,\"categ\":\"JV\"}', '2021-02-14 17:17:12'),
(90, 58, 9, '{\"message\":\"Book has been issued to staff - Test\",\"title\":\"Advanced Concepts in OPERATING SYSTEMS - Distributed, Database and Multiprocessor operating Systems\",\"sub_title\":\"Mukesh Singhal, Niranjan G.Shivaratri\",\"id\":817,\"categ\":\"OS\"}', '2021-02-14 17:17:31'),
(91, 58, 11, '{\"message\":\"Book has been returned from staff - Test\",\"title\":\"Advanced Concepts in OPERATING SYSTEMS - Distributed, Database and Multiprocessor operating Systems\",\"sub_title\":\"Mukesh Singhal, Niranjan G.Shivaratri\",\"id\":817,\"categ\":\"OS\"}', '2021-02-14 17:18:16'),
(92, 58, 11, '{\"message\":\"Book has been returned from staff - Test\",\"title\":\"JAVA OS Operating System\",\"sub_title\":\"Tan Saulpauh\",\"id\":144,\"categ\":\"JV\"}', '2021-02-14 17:18:21'),
(93, 58, 11, '{\"message\":\"Book has been returned from staff - Test\",\"title\":\"Sample Book with InsertID\",\"sub_title\":\"Author name goes here\",\"id\":1172,\"categ\":\"BC\"}', '2021-02-14 17:18:26'),
(94, 58, 10, '{\"message\":\"Book has been renewed for staff - Test\",\"title\":\"Sample Text conference\",\"sub_title\":\"Ellon musk, Bill Gates\",\"id\":1131,\"categ\":\"OT\"}', '2021-02-14 17:24:12'),
(95, 58, 9, '{\"message\":\"Book has been issued to staff - Test\",\"title\":\"Sample Book with InsertID\",\"sub_title\":\"Author name goes here\",\"id\":1172,\"categ\":\"BC\"}', '2021-02-14 17:24:26'),
(96, 58, 10, '{\"message\":\"Book has been renewed for staff - Test\",\"title\":\"Sample Book with InsertID\",\"sub_title\":\"Author name goes here\",\"id\":1172,\"categ\":\"BC\"}', '2021-02-14 17:24:43'),
(97, 58, 11, '{\"message\":\"Book has been returned from staff - Test\",\"title\":\"Sample Book with InsertID\",\"sub_title\":\"Author name goes here\",\"id\":1172,\"categ\":\"BC\"}', '2021-02-14 17:24:52'),
(98, 0, 4, '{\"message\":\"Book has been updated\",\"title\":\"Sample Book with InsertID\",\"sub_title\":\"Author name goes here\",\"id\":1172,\"categ\":\"BC\",\"count\":1}', '2021-02-14 17:33:00'),
(99, 0, 4, '{\"message\":\"Book has been updated\",\"title\":\"Sample Book with InsertID\",\"sub_title\":\"Author name goes here\",\"id\":1172,\"categ\":\"BC\",\"count\":1}', '2021-02-14 17:33:31'),
(100, 0, 4, '{\"message\":\"Book has been updated\",\"title\":\"Sample Book with InsertID\",\"sub_title\":\"Author name goes here\",\"id\":1172,\"categ\":\"BC\",\"count\":1}', '2021-02-14 17:33:40'),
(101, 0, 4, '{\"message\":\"Book has been updated\",\"title\":\"Sample Book with InsertID\",\"sub_title\":\"Washington\",\"id\":1172,\"categ\":\"BC\",\"count\":1}', '2021-02-14 17:34:04'),
(102, 0, 4, '{\"message\":\"Book has been updated\",\"title\":\"Sample Book with InsertID\",\"sub_title\":\"Vignesh\",\"id\":1172,\"categ\":\"BC\",\"count\":1}', '2021-02-14 17:34:42'),
(103, 0, 4, '{\"message\":\"Book has been updated\",\"title\":\"Sample Book with InsertID\",\"sub_title\":\"Surya\",\"id\":1172,\"categ\":\"BC\",\"count\":1}', '2021-02-14 17:34:52'),
(104, 0, 4, '{\"message\":\"Book has been updated\",\"title\":\"Sample Book with InsertID\",\"sub_title\":\"Washington\",\"id\":1172,\"categ\":\"BC\",\"count\":1}', '2021-02-14 17:35:11'),
(105, 0, 4, '{\"message\":\"Book has been updated\",\"title\":\"Sample Book\",\"sub_title\":\"Washington\",\"id\":1172,\"categ\":\"BC\",\"count\":1}', '2021-02-14 17:35:36'),
(106, 0, 4, '{\"message\":\"Book has been updated\",\"title\":\"Sample Book\",\"sub_title\":\"Washington\",\"id\":1172,\"categ\":\"JV\",\"count\":1}', '2021-02-14 17:35:45'),
(107, 0, 4, '{\"message\":\"Book has been updated\",\"title\":\"Sample Book\",\"sub_title\":\"Washington\",\"id\":1172,\"categ\":\"JV\",\"count\":1}', '2021-02-14 17:35:56'),
(108, 0, 4, '{\"message\":\"Book has been updated\",\"title\":\"Sample Book\",\"sub_title\":\"Bala Boi\",\"id\":1172,\"categ\":\"JV\",\"count\":1}', '2021-02-14 17:36:10'),
(109, 0, 4, '{\"message\":\"Book has been updated\",\"title\":\"Sample Book\",\"sub_title\":\"Star Lord\",\"id\":1172,\"categ\":\"JV\",\"count\":1}', '2021-02-14 17:36:28'),
(110, 0, 3, '{\"message\":\"Book has been inserted\",\"title\":\"Sample Text Book\",\"sub_title\":\"Sample\",\"count\":\"2\",\"categ\":\"DM\",\"id\":1173}', '2021-02-14 17:39:49'),
(111, 0, 5, '{\"message\":\"Book has been deleted\",\"title\":\"Sample Text Book\",\"sub_title\":\"Sample\",\"id\":1173,\"categ\":\"DM\",\"count\":1}', '2021-02-14 17:40:07'),
(112, 0, 5, '{\"message\":\"Book has been deleted\",\"title\":\"Sample Text Book\",\"sub_title\":\"Sample\",\"id\":1174,\"categ\":\"DM\",\"count\":1}', '2021-02-14 17:40:11'),
(113, 0, 4, '{\"message\":\"Book has been updated\",\"title\":\"Sample Text Conference\",\"sub_title\":\"Ellon musk, Bill Gates\",\"id\":1127,\"categ\":\"GE\",\"count\":1}', '2021-02-14 17:41:36'),
(130, 0, 8, '{\"message\":\"Book Category has been deleted\",\"title\":\"New Category\",\"sub_title\":\"Category Code - NW\"}', '2021-02-14 19:29:27'),
(131, 0, 6, '{\"message\":\"Book Category has been inserted\",\"title\":\"New Category\",\"sub_title\":\"Category Code - NW\"}', '2021-02-14 19:57:17'),
(132, 0, 4, '{\"message\":\"Book has been updated\",\"title\":\"Sample Book\",\"sub_title\":\"Star Lord\",\"id\":1172,\"categ\":\"OT\",\"count\":1}', '2021-02-20 18:13:28'),
(133, 57, 9, '{\"message\":\"Book has been issued to staff - Vignesh\",\"title\":\"Sample Book\",\"sub_title\":\"Star Lord\",\"id\":1172,\"categ\":\"OT\"}', '2021-02-21 22:42:44'),
(134, 57, 10, '{\"message\":\"Book has been renewed for staff - Vignesh\",\"title\":\"Sample Book\",\"sub_title\":\"Star Lord\",\"id\":1172,\"categ\":\"OT\"}', '2021-02-21 22:43:03'),
(135, 57, 11, '{\"message\":\"Book has been returned from staff - Vignesh\",\"title\":\"Sample Book\",\"sub_title\":\"Star Lord\",\"id\":1172,\"categ\":\"OT\"}', '2021-02-21 22:43:07'),
(136, 0, 3, '{\"message\":\"Book has been inserted\",\"title\":\"Sample Book Testing\",\"sub_title\":\"Diago Silva\",\"count\":\"1\",\"categ\":\"MM\",\"id\":1175}', '2021-02-21 22:43:46'),
(137, 0, 3, '{\"message\":\"Book has been inserted\",\"title\":\"Sample Book Test\",\"sub_title\":\"Diago Silva\",\"count\":\"2\"}', '2021-02-21 22:44:00'),
(138, 0, 4, '{\"message\":\"Book has been updated\",\"title\":\"Sample Book Test\",\"sub_title\":\"Diago Silva\",\"id\":1175,\"categ\":\"MM\",\"count\":1}', '2021-02-21 22:44:00'),
(139, 0, 5, '{\"message\":\"Book has been deleted\",\"title\":\"Sample Book Test\",\"sub_title\":\"Diago Silva\",\"id\":1176,\"categ\":\"MM\",\"count\":1}', '2021-02-21 22:44:06'),
(140, 0, 5, '{\"message\":\"Book has been deleted\",\"title\":\"Sample Book Test\",\"sub_title\":\"Diago Silva\",\"id\":1175,\"categ\":\"MM\",\"count\":1}', '2021-02-21 22:44:09'),
(141, 57, 9, '{\"message\":\"Book has been issued to staff - Vignesh\",\"title\":\"Sample Book\",\"sub_title\":\"Star Lord\",\"id\":1172,\"categ\":\"OT\"}', '2021-02-22 12:28:59');

-- --------------------------------------------------------

--
-- Table structure for table `staff`
--

CREATE TABLE `staff` (
  `ID` int NOT NULL,
  `Name` varchar(50) DEFAULT NULL,
  `Profession` varchar(50) DEFAULT NULL,
  `Email Address` varchar(50) DEFAULT NULL
) ENGINE=InnoDB DEFAULT CHARSET=utf8;

--
-- Dumping data for table `staff`
--

INSERT INTO `staff` (`ID`, `Name`, `Profession`, `Email Address`) VALUES
(1, 'Dr.R.Gunasekaran', 'Professor and Head', 'gunasekaran@mitindia.edu'),
(2, 'Dr.S.Thamarai Selvi', 'Professor', 'stselvi@annauniv.edu'),
(3, 'Dr.P.Jayashree', 'Associate Professor', 'pjshree@annauniv.edu'),
(4, 'Dr.P.Varalakshmi', 'Associate Professor', 'varanip@annauniv.edu'),
(5, 'Dr.C.Valliyammai', 'Associate Professor', 'cva@annauniv.edu'),
(6, 'Dr.Ponsy R.K.Sathia Bhama', 'Associate Professor', 'ponsy@mitindia.edu'),
(7, 'Dr.B.Thanasekar', 'Assistant Professor (Sl.Gr)', 'thanasekhar@mitindia.edu'),
(8, 'Dr.S.Neelavathy Pari', 'Assistant Professor (Sr.Gr)', 'neela@annauniv.edu'),
(9, 'Dr.R.Kathiroli', 'Assistant Professor (Sr.Gr)', 'kathiroli@mitindia.edu'),
(10, 'Dr.Y.Nancy Jane', 'Assistant Professor', 'nancyjaney@mitindia.edu'),
(11, 'Dr.V.P.Jayachitra', 'Assistant Professor', 'jayachitravp@annauniv.edu'),
(12, 'Dr.P.Pabitha', 'Assistant Professor', 'pabithap@gmail.com'),
(13, 'Dr.S.Muthurajkumar', 'Assistant Professor', 'muthuraj@annauniv.edu'),
(15, 'Mr.T.Sudhakar', 'Teaching Fellow', 'tsudhakar105@gmail.com'),
(16, 'Dr.Cinu C Kiliroor', 'Teaching Fellow', 'cinuck191@gmail.com'),
(17, 'Ms.J.Chandra Priya', 'Teaching Fellow', 'jchandrapriya@gmail.com'),
(18, 'Mr.T.Ebenezer Rajadurai', 'Teaching Fellow', 'ebenezerrajadurai5@gmail.com'),
(19, 'Ms.Anusha Jayasimhan', 'Teaching Fellow', 'anusha.jai@gmail.com'),
(20, 'Ms.S.Anitha', 'Teaching Fellow', 'anithacse@gmail.com'),
(21, 'Ms.R.S.Rampriya', 'Teaching Fellow', 'mail2rampriya@gmail.com'),
(22, 'Ms.C.M.Nagasudha', 'Teaching Fellow', 'cmsudha30@gmail.com'),
(23, 'Ms.S.Dhanalakshmi', 'Teaching Fellow', 'dhanalaxmibtech@gmail.com'),
(24, 'Ms.M.Jenila Vincent', 'Teaching Fellow', 'jenilamit@gmail.com'),
(25, 'Ms.R.Keerthana', 'Teaching Fellow', 'rskeerthana1293@gmail.com'),
(44, 'admin', 'Administration', 'admin@gmail.com'),
(57, 'Vignesh', 'Tester', 'vigneshantony5@gmail.com'),
(58, 'Test', 'Tester', 'test@gmail.com');

-- --------------------------------------------------------

--
-- Table structure for table `stafflist`
--

CREATE TABLE `stafflist` (
  `ID` int NOT NULL,
  `Pass` text NOT NULL,
  `Type` int NOT NULL DEFAULT '0'
) ENGINE=InnoDB DEFAULT CHARSET=utf8mb4 COLLATE=utf8mb4_0900_ai_ci;

--
-- Dumping data for table `stafflist`
--

INSERT INTO `stafflist` (`ID`, `Pass`, `Type`) VALUES
(1, '$2y$10$5iUiIKga5CPj80KP0NFsKe07.2eBdZ2MvlqXT65qFGjkqexWcQ5pK', 0),
(2, 'admin', 0),
(3, 'admin', 0),
(4, 'admin', 0),
(5, '$2y$10$CHs5vttAGkekkl1OXTAcEugbF/HHiE6ZjK9NOcvtYNzcUpH25lB76', 0),
(6, 'admin', 0),
(7, 'admin', 0),
(8, 'admin', 0),
(9, 'admin', 0),
(10, 'admin', 0),
(11, 'admin', 0),
(12, 'admin', 0),
(25, 'admin', 0),
(44, 'admin', 1),
(57, 'admin', 0),
(58, '$2y$10$avWhufOY9quJGTluspYf2uSRXT0aV26w8FivYitxWeWtxN/rkGnh2', 0);

--
-- Indexes for dumped tables
--

--
-- Indexes for table `book`
--
ALTER TABLE `book`
  ADD PRIMARY KEY (`bID`),
  ADD KEY `cID` (`cID`);

--
-- Indexes for table `bookcateg`
--
ALTER TABLE `bookcateg`
  ADD PRIMARY KEY (`cID`);

--
-- Indexes for table `booklist`
--
ALTER TABLE `booklist`
  ADD PRIMARY KEY (`ID`,`bID`),
  ADD KEY `bID` (`bID`);

--
-- Indexes for table `config`
--
ALTER TABLE `config`
  ADD PRIMARY KEY (`config_id`);

--
-- Indexes for table `logs`
--
ALTER TABLE `logs`
  ADD PRIMARY KEY (`logID`);

--
-- Indexes for table `staff`
--
ALTER TABLE `staff`
  ADD PRIMARY KEY (`ID`),
  ADD UNIQUE KEY `Email Address` (`Email Address`);

--
-- Indexes for table `stafflist`
--
ALTER TABLE `stafflist`
  ADD PRIMARY KEY (`ID`);

--
-- AUTO_INCREMENT for dumped tables
--

--
-- AUTO_INCREMENT for table `book`
--
ALTER TABLE `book`
  MODIFY `bID` int NOT NULL AUTO_INCREMENT, AUTO_INCREMENT=1177;

--
-- AUTO_INCREMENT for table `logs`
--
ALTER TABLE `logs`
  MODIFY `logID` int NOT NULL AUTO_INCREMENT, AUTO_INCREMENT=142;

--
-- AUTO_INCREMENT for table `staff`
--
ALTER TABLE `staff`
  MODIFY `ID` int NOT NULL AUTO_INCREMENT, AUTO_INCREMENT=59;

--
-- Constraints for dumped tables
--

--
-- Constraints for table `book`
--
ALTER TABLE `book`
  ADD CONSTRAINT `book_ibfk_1` FOREIGN KEY (`cID`) REFERENCES `bookcateg` (`cID`) ON DELETE RESTRICT ON UPDATE CASCADE;

--
-- Constraints for table `booklist`
--
ALTER TABLE `booklist`
  ADD CONSTRAINT `booklist_ibfk_1` FOREIGN KEY (`bID`) REFERENCES `book` (`bID`);

--
-- Constraints for table `stafflist`
--
ALTER TABLE `stafflist`
  ADD CONSTRAINT `staffList_ibfk_1` FOREIGN KEY (`ID`) REFERENCES `staff` (`ID`);
COMMIT;

/*!40101 SET CHARACTER_SET_CLIENT=@OLD_CHARACTER_SET_CLIENT */;
/*!40101 SET CHARACTER_SET_RESULTS=@OLD_CHARACTER_SET_RESULTS */;
/*!40101 SET COLLATION_CONNECTION=@OLD_COLLATION_CONNECTION */;
